Day,Chargers,Chargers achteraan,Grid Organi lbc,Solar
2022-09-28,54.7589,0.0,161.485,0.0
2022-09-29,128.5703,0.0,396.6727,0.0
2022-09-30,131.1694,0.0,359.5532,0.0
2022-10-01,96.6635,0.0,213.6044,0.0
2022-10-02,94.1941,0.0,205.0945,0.0
2022-10-03,105.2394,0.0,322.2566,0.0
2022-10-04,137.2326,0.0,371.5324,0.0
2022-10-05,59.4452,0.0,158.9597,0.0
2022-10-12,108.8334,0.0,347.4926,0.0
2022-10-13,138.71,0.0,384.784,0.0
2022-10-14,127.4642,0.0,377.2337,0.0
2022-10-15,98.8032,0.0,219.9674,0.0
2022-10-16,11.969,0.0,30.4055,0.0
2022-11-08,46.0264,0.0,131.1544,0.0
2022-11-09,153.2512,0.0,389.086,2.3923
2022-11-10,172.6536,0.0,424.0817,15.8592
2022-11-11,101.782,0.0,258.9267,0.5152
2022-11-12,94.4814,0.0,252.3417,0.5277
2022-11-13,92.8091,0.0,251.0023,0.5263
2022-11-14,144.301,0.0,416.9433,13.5666
2022-11-15,211.8513,0.0,481.281,18.8421
2022-11-16,170.3251,0.0,416.4532,13.7974
2022-11-17,181.4202,0.0,439.2797,3.5653
2022-11-18,167.8141,0.0,399.9918,9.5894
2022-11-19,83.2545,0.0,261.9937,0.5099
2022-11-20,82.2715,0.0,271.3844,0.5146
2022-11-21,183.7913,0.0,450.9443,24.0529
2022-11-22,165.8131,0.0,485.1523,13.9671
2022-11-23,189.7393,0.0,517.021,10.2886
2022-11-24,161.0104,0.0,457.4871,3.8479
2022-11-25,145.5217,0.0,418.854,0.5241
2022-11-26,92.7502,0.0,278.2672,0.4924
2022-11-27,91.0335,0.0,272.3725,0.4957
2022-11-28,200.6436,0.0,460.5618,24.6382
2022-11-29,173.2505,0.0,469.2566,14.5453
2022-11-30,158.3637,0.0,456.7668,7.8777
2022-12-01,182.6468,0.0,477.3325,21.39
2022-12-02,122.7475,0.0,430.7126,0.5058
2022-12-03,90.6853,0.0,351.7065,0.4873
2022-12-04,89.0908,0.0,349.2094,0.4856
2022-12-05,176.1223,0.0,478.7211,24.9045
2022-12-06,143.1562,0.0,470.1153,3.0307
2022-12-07,143.1507,0.0,467.2496,8.9964
2022-12-08,186.0461,0.0,496.9358,45.4737
2022-12-09,158.3204,0.0,527.2242,6.6577
2022-12-10,90.634,0.0,304.3036,0.4932
2022-12-11,89.4189,0.0,301.2331,0.4877
2022-12-12,128.1424,0.0,464.9001,7.9816
2022-12-13,151.9007,0.0,518.1374,0.5238
2022-12-14,167.5567,0.0,531.2789,7.1816
2022-12-15,148.426,0.0,509.5918,5.7863
2022-12-16,153.286,0.0,488.6104,0.5494
2022-12-17,106.8967,0.0,323.2278,5.7817
2022-12-18,88.2638,0.0,302.5838,0.4842
2022-12-19,141.7488,0.0,442.2887,6.1015
2022-12-20,183.0139,0.0,485.5611,6.9475
2022-12-21,191.1193,0.0,490.5004,15.1823
2022-12-22,171.0617,0.0,432.6591,6.5705
2022-12-23,150.8969,0.0,384.4265,5.5983
2022-12-24,107.0437,0.0,262.4281,0.5017
2022-12-25,104.5723,0.0,261.0357,0.4995
2022-12-26,115.2152,0.0,338.6265,0.5052
2022-12-27,140.2855,0.0,428.2256,6.6083
2022-12-28,141.7946,0.0,388.5892,5.6484
2022-12-29,123.1596,0.0,362.5154,0.5051
2022-12-30,149.2465,0.0,392.9576,20.7647
2022-12-31,107.6414,0.0,243.4225,0.508
2023-01-01,106.3779,0.0,247.6169,0.4988
2023-01-02,151.3917,0.0,435.1032,8.2221
2023-01-03,137.9406,0.0,439.9728,4.8013
2023-01-04,156.8606,0.0,399.5543,12.3027
2023-01-05,152.6828,0.0,432.9703,0.5208
2023-01-06,185.0002,0.0,449.519,16.1344
2023-01-07,109.2631,0.0,265.852,0.533
2023-01-08,90.8125,0.0,269.7407,0.5257
2023-01-09,168.4962,0.0,465.2351,14.2846
2023-01-10,172.0057,0.0,504.8869,4.5853
2023-01-11,186.1166,0.0,425.3981,15.0593
2023-01-12,179.915,0.0,442.7396,8.0364
2023-01-13,179.4481,0.0,489.0128,12.6243
2023-01-14,102.5172,0.0,287.9407,0.5153
2023-01-15,89.4815,0.0,292.2301,0.5171
2023-01-16,170.7333,0.0,476.2397,6.8465
2023-01-17,159.2207,0.0,506.9799,3.5473
2023-01-18,149.071,0.0,495.2005,0.5351
2023-01-19,137.2064,0.0,476.8224,0.5304
2023-01-20,128.7318,0.0,423.0652,0.5206
2023-01-21,99.8501,0.0,317.5773,0.4917
2023-01-22,94.9073,0.0,310.7359,0.4864
2023-01-23,160.1225,0.0,455.0644,5.815
2023-01-24,174.2843,0.0,504.8271,0.528
2023-01-25,163.5728,0.0,468.7965,8.2062
2023-01-26,161.8977,0.0,490.138,4.958
2023-01-27,164.6822,0.0,480.8547,6.4757
2023-01-28,99.6594,0.0,312.8023,0.4911
2023-01-29,97.4833,0.0,309.4887,0.4871
2023-01-30,155.9217,0.0,455.5527,3.4662
2023-01-31,154.8881,0.0,475.9863,4.9501
2023-02-01,156.2401,0.0,433.8502,0.5529
2023-02-02,186.4441,0.0,498.3513,2.1796
2023-02-03,186.9318,0.0,464.8715,4.9835
2023-02-04,115.0048,0.0,280.1267,0.499
2023-02-05,111.5346,0.0,296.5155,5.0023
2023-02-06,174.8977,0.0,458.5064,21.7125
2023-02-07,164.0299,0.0,508.2454,7.0063
2023-02-08,128.8924,0.0,453.2905,6.8658
2023-02-09,162.6168,0.0,472.1581,12.5855
2023-02-10,161.2782,0.0,459.2465,6.1439
2023-02-11,102.438,0.0,287.7357,0.4968
2023-02-12,100.7863,0.0,282.4788,0.491
2023-02-13,175.8678,0.0,463.54,12.3151
2023-02-14,200.9508,0.0,500.9169,11.7801
2023-02-15,158.7963,0.0,433.6324,7.2048
2023-02-16,217.2071,0.0,505.6314,12.7106
2023-02-17,153.3431,0.0,401.8949,0.5326
2023-02-18,114.738,0.0,267.9452,0.508
2023-02-19,111.4969,0.0,273.6466,0.5036
2023-02-20,151.3559,0.0,429.6122,8.3272
2023-02-21,185.7849,0.0,487.8582,6.3953
2023-02-22,177.4684,0.0,435.2841,10.7614
2023-02-23,200.7141,0.0,495.1264,18.9991
2023-02-24,180.704,0.0,452.9223,19.6699
2023-02-25,99.5598,0.0,298.1016,0.4838
2023-02-26,97.4733,0.0,307.6009,0.4933
2023-02-27,188.9583,0.0,477.4015,12.9528
2023-02-28,173.8262,0.0,485.2745,10.4301
2023-03-01,228.4594,0.0,530.3478,22.7987
2023-03-02,168.4234,0.0,476.4258,6.4934
2023-03-03,160.9538,0.0,474.3439,5.7067
2023-03-04,100.5888,0.0,292.9896,0.471
2023-03-05,98.3586,0.0,300.1343,0.4689
2023-03-06,183.3197,0.0,490.7381,13.5196
2023-03-07,182.5306,0.0,507.6205,9.7184
2023-03-08,183.5025,0.0,484.512,21.4375
2023-03-09,203.052,0.0,555.5235,27.8417
2023-03-10,168.2372,0.0,435.4412,0.5365
2023-03-11,97.1091,0.0,298.6365,0.4902
2023-03-12,95.6613,0.0,272.8085,0.506
2023-03-13,209.8841,0.0,444.2913,13.67
2023-03-14,205.9195,0.0,464.0856,26.4052
2023-03-15,171.6543,0.0,430.2003,13.9504
2023-03-16,293.9766,0.0,648.9177,23.9321
2023-03-17,174.2947,0.0,384.9751,15.9649
2023-03-18,114.494,0.0,245.0198,0.5075
2023-03-19,113.6643,0.0,256.0989,0.5054
2023-03-20,187.4743,0.0,431.0395,33.972
2023-03-21,178.3636,0.0,421.6038,0.535
2023-03-22,191.1482,0.0,423.1997,6.7681
2023-03-23,245.0312,0.0,496.8579,22.6938
2023-03-24,199.6577,0.0,407.4492,15.2861
2023-03-25,113.5694,0.0,250.324,0.4962
2023-03-26,94.2472,0.0,248.2519,0.4855
2023-03-27,139.3735,0.0,405.6316,6.8906
2023-03-28,202.3442,0.0,518.3541,12.5599
2023-03-29,186.0393,0.0,388.192,23.0439
2023-03-30,186.0963,0.0,418.7803,8.6967
2023-03-31,180.6886,0.0,413.0946,9.9699
2023-04-01,127.9172,0.0,276.6907,5.1345
2023-04-02,96.2273,0.0,265.8742,0.477
2023-04-03,154.0681,0.0,419.5782,5.733
2023-04-04,160.9505,0.0,445.3845,9.585
2023-04-05,186.4395,0.0,490.2634,7.938
2023-04-06,131.291,0.0,388.4171,0.5087
2023-04-07,139.8203,0.0,377.7489,0.5122
2023-04-08,114.0685,0.0,253.8604,0.5047
2023-04-09,111.9473,0.0,247.2615,0.506
2023-04-10,111.9278,0.0,265.9468,0.5004
2023-04-11,183.5049,0.0,450.6735,9.5452
2023-04-12,134.8655,0.0,359.5974,0.5214
2023-04-13,160.1034,0.0,414.2265,0.5144
2023-04-14,142.3966,0.0,381.8887,4.5286
2023-04-15,115.6035,0.0,250.4379,0.5092
2023-04-16,112.1746,0.0,259.6497,0.5037
2023-04-17,171.8871,0.0,413.8552,0.5439
2023-04-18,242.4548,0.0,529.8349,25.0346
2023-04-19,167.0611,0.0,399.6097,6.4743
2023-04-20,194.1224,0.0,445.3346,6.8405
2023-04-21,176.4646,0.0,407.4447,7.4911
2023-04-22,113.9193,0.0,255.2917,0.4939
2023-04-23,116.6255,0.0,250.9787,2.0516
2023-04-24,214.7246,0.0,492.4212,13.1146
2023-04-25,188.9024,0.0,459.0658,6.6621
2023-04-26,174.3425,0.0,432.2227,4.1286
2023-04-27,214.3103,0.0,512.1244,11.0729
2023-04-28,146.8513,0.0,374.8416,0.528
2023-04-29,114.9273,0.0,250.9862,0.4936
2023-04-30,113.8568,0.0,248.78,0.4939
2023-05-01,113.7685,0.0,259.3376,0.4956
2023-05-02,220.946,0.0,456.4476,15.7977
2023-05-03,219.2749,0.0,447.1024,16.5239
2023-05-04,239.4018,0.0,539.0065,8.3539
2023-05-05,187.2946,0.0,428.262,10.1327
2023-05-06,118.9391,0.0,250.3347,0.4887
2023-05-07,117.4273,0.0,244.1224,0.4803
2023-05-08,181.4212,0.0,417.304,6.6322
2023-05-09,227.6455,0.0,468.5678,13.9967
2023-05-10,174.1839,0.0,367.2787,7.7538
2023-05-11,239.1684,0.0,492.4355,14.9566
2023-05-12,213.3858,0.0,448.19,23.7537
2023-05-13,118.4222,0.0,237.5407,0.4926
2023-05-14,116.6003,0.0,239.124,0.4822
2023-05-15,172.1047,0.0,378.9838,10.6287
2023-05-16,164.6478,0.0,417.1248,6.4711
2023-05-17,186.1505,0.0,432.9667,2.8333
2023-05-18,117.9404,0.0,259.7125,0.4845
2023-05-19,155.0428,0.0,349.6907,7.8534
2023-05-20,118.9422,0.0,226.3058,0.4769
2023-05-21,102.8204,0.0,217.0876,0.4737
2023-05-22,134.4016,0.0,356.5208,0.5077
2023-05-23,195.7327,0.0,436.497,9.1394
2023-05-24,182.3665,0.0,397.8717,7.4712
2023-05-25,251.3974,0.0,492.8493,22.2803
2023-05-26,177.2065,0.0,372.026,12.6436
2023-05-27,126.6364,0.0,228.6831,7.4437
2023-05-28,118.9207,0.0,222.7601,0.4732
2023-05-29,104.0984,0.0,234.547,0.4903
2023-05-30,284.2391,0.0,581.3556,35.276
2023-05-31,186.346,0.0,415.6551,18.7243
2023-06-01,210.4435,0.0,427.1251,28.3225
2023-06-02,211.6554,0.0,424.2465,28.2322
2023-06-03,104.5569,0.0,218.7148,0.4847
2023-06-04,103.647,0.0,217.3629,0.4888
2023-06-05,218.8541,0.0,498.7301,18.7017
2023-06-06,247.4082,0.0,482.4135,34.4108
2023-06-07,213.9081,0.0,443.0028,22.1522
2023-06-08,197.0359,0.0,455.1216,4.8323
2023-06-09,295.1652,0.0,635.0574,36.0976
2023-06-10,108.0732,0.0,222.9964,0.4303
2023-06-11,167.7074,0.0,283.0606,20.4796
2023-06-12,275.6559,0.0,613.5295,17.0605
2023-06-13,295.3798,0.0,613.0181,19.5726
2023-06-14,275.2375,0.0,571.8487,16.7205
2023-06-15,200.2625,0.0,490.0605,0.5013
2023-06-16,228.1838,0.0,485.5702,17.2405
2023-06-17,105.5843,0.0,218.6515,0.4765
2023-06-18,103.3285,0.0,216.626,0.483
2023-06-19,250.5653,0.0,468.4297,20.9602
2023-06-20,256.0028,0.0,585.2301,15.2333
2023-06-21,280.8132,0.0,564.9656,34.0441
2023-06-22,233.3734,0.0,490.4692,22.0524
2023-06-23,262.2029,0.0,482.2716,39.373
2023-06-24,116.0007,0.0,216.4477,0.495
2023-06-25,120.7382,0.0,220.019,0.5055
2023-06-26,339.8995,0.0,595.3428,44.8904
2023-06-27,275.1998,0.0,529.0456,43.7483
2023-06-28,239.4879,0.0,449.4231,30.0343
2023-06-29,228.7421,0.0,459.4442,31.7904
2023-06-30,299.5845,0.0,507.3105,51.3451
2023-07-01,160.9738,0.0,269.9295,17.6543
2023-07-02,109.0698,0.0,216.4269,0.4948
2023-07-03,282.9569,0.0,485.3333,53.2133
2023-07-04,262.4592,0.0,556.2901,24.396
2023-07-05,271.8572,0.0,491.598,42.2152
2023-07-06,223.7582,0.0,459.7453,19.98
2023-07-07,259.071,0.0,461.6176,36.0039
2023-07-08,109.224,0.0,233.9849,0.4916
2023-07-09,105.8163,0.0,226.5572,0.4785
2023-07-10,209.2566,0.0,485.7996,21.1402
2023-07-11,267.1801,0.0,595.2499,26.1311
2023-07-12,225.9058,0.0,459.2295,24.8755
2023-07-13,203.8191,0.0,397.953,22.7504
2023-07-14,289.0376,0.0,520.9144,34.5429
2023-07-15,158.4935,0.0,276.3897,17.955
2023-07-16,103.3284,0.0,220.2407,0.5032
2023-07-17,256.2638,0.0,529.2359,26.3222
2023-07-18,203.2312,0.0,434.1857,18.3403
2023-07-19,196.8073,0.0,421.1351,27.5771
2023-07-20,236.4346,0.0,474.4481,27.1996
2023-07-21,103.2918,0.0,231.8443,0.4946
2023-07-22,152.4239,0.0,267.2259,16.7613
2023-07-23,107.0823,0.0,222.6665,1.9537
2023-07-24,203.1301,0.0,402.8285,37.2965
2023-07-25,211.6612,0.0,407.5432,33.9562
2023-07-26,203.9217,0.0,414.9047,30.6544
2023-07-27,261.6019,0.0,500.4192,36.3624
2023-07-28,219.3327,0.0,419.4538,26.224
2023-07-29,105.7342,0.0,219.1022,0.4959
2023-07-30,104.3329,0.0,218.6039,0.4952
2023-07-31,214.1696,0.0,403.6744,50.608
2023-08-01,275.5073,0.0,546.2236,46.0622
2023-08-02,244.2864,0.0,450.2537,43.8704
2023-08-03,193.7645,0.0,413.2293,14.4913
2023-08-04,208.8599,0.0,430.331,26.0829
2023-08-05,117.0186,0.0,235.1882,4.8125
2023-08-06,102.1693,0.0,223.338,0.511
2023-08-07,265.6998,0.0,473.2796,57.2891
2023-08-08,242.9006,0.0,501.2305,33.7338
2023-08-09,200.9069,0.0,427.5208,24.2949
2023-08-10,275.3602,0.0,539.1947,38.8789
2023-08-11,200.8363,0.0,406.9737,19.5682
2023-08-12,104.0572,0.0,221.2419,0.5017
2023-08-13,103.1702,0.0,221.3833,0.4929
2023-08-14,191.2491,0.0,413.6207,16.9895
2023-08-15,106.7253,0.0,239.0676,0.4807
2023-08-16,253.5154,0.0,492.1794,30.3752
2023-08-17,135.1394,0.0,364.7691,3.3951
2023-08-18,202.7677,0.0,419.1999,32.0853
2023-08-19,105.6639,0.0,233.7951,0.5078
2023-08-20,104.9579,0.0,234.4824,0.4951
2023-08-21,228.9122,0.0,502.3613,21.5178
2023-08-22,262.0213,0.0,476.7836,38.9919
2023-08-23,296.7492,0.0,580.6617,39.4318
2023-08-24,155.7872,0.0,266.8657,26.9156
2023-09-06,37.8732,0.0,90.5884,0.1419
2023-09-07,339.7681,0.0,628.3146,51.428
2023-09-08,323.362,0.0,586.2181,34.9459
2023-09-09,134.3084,0.0,234.479,0.4789
2023-09-10,138.2777,0.0,234.7371,0.4944
2023-09-11,270.1311,0.0,495.5097,41.8698
2023-09-12,347.0204,0.0,615.483,47.0378
2023-09-13,239.8588,0.0,483.1648,30.7203
2023-09-14,218.5364,0.0,450.8362,39.0389
2023-09-15,266.1962,0.0,510.0408,33.9891
2023-09-16,107.5482,0.0,219.3071,0.4888
2023-09-17,105.9258,0.0,218.0152,0.4906
2023-09-18,258.1449,0.0,464.954,43.1615
2023-09-19,307.9879,0.0,567.2995,53.803
2023-09-20,234.8548,0.0,453.646,38.377
2023-09-21,233.9556,0.0,459.1732,31.1464
2023-09-22,334.5106,0.0,536.5204,59.4257
2023-09-23,120.6379,0.0,229.3879,0.4966
2023-09-24,125.2842,0.0,241.9548,0.5091
2023-09-25,269.1783,0.0,465.0201,48.8241
2023-09-26,295.4311,0.0,539.5491,40.9446
2023-09-27,291.2684,0.0,528.1963,48.2095
2023-09-28,294.2802,0.0,546.1407,34.5462
2023-09-29,296.2011,0.0,531.2845,48.2696
2023-09-30,190.3018,0.0,319.4289,19.2585
2023-10-01,124.6899,0.0,239.0083,5.8043
2023-10-02,368.8029,0.0,568.7418,83.2522
2023-10-03,399.5559,0.0,635.3303,92.9567
2023-10-04,301.5814,0.0,550.1686,46.001
2023-10-05,278.0408,0.0,525.6721,41.4186
2023-10-06,264.8974,0.0,456.7402,46.5638
2023-10-07,152.5897,0.0,266.6115,16.3248
2023-10-08,103.9596,0.0,217.5715,0.5022
2023-10-09,328.0228,0.0,547.3003,61.112
2023-10-10,368.3575,0.0,583.6545,68.8664
2023-10-11,367.4372,0.0,610.3075,72.5327
2023-10-12,231.0409,0.0,463.6771,24.1885
2023-10-13,334.8649,0.0,553.8337,56.1505
2023-10-14,107.0486,0.0,233.7495,0.5014
2023-10-15,105.0827,0.0,252.1066,0.4949
2023-10-16,296.076,0.0,544.2552,48.7473
2023-10-17,338.8686,0.0,588.941,67.2225
2023-10-18,212.7777,0.0,449.0426,25.5186
2023-10-19,275.3983,0.0,511.0457,37.0256
2023-10-20,303.5619,0.0,533.4916,54.5712
2023-10-21,105.9347,0.0,254.1837,0.5151
2023-10-22,104.1909,0.0,261.5818,0.4883
2023-10-23,365.6369,0.0,605.4853,81.7808
2023-10-24,347.891,0.0,573.1128,79.8419
2023-10-25,269.3574,0.0,546.3374,45.6519
2023-10-26,427.5567,0.0,739.7156,84.33
2023-10-27,280.2891,0.0,496.8128,56.9208
2023-10-28,105.9011,0.0,249.0253,0.5077
2023-10-29,109.1879,0.0,255.1903,0.529
2023-10-30,368.7114,0.0,624.6042,89.1752
2023-10-31,248.8463,0.0,532.7222,38.4019
2023-11-01,110.9313,0.0,296.378,0.51
2023-11-02,302.14,0.0,563.0689,55.9099
2023-11-03,313.4444,0.0,560.9567,61.7245
2023-11-04,105.0649,0.0,254.2491,0.4947
2023-11-05,103.737,0.0,250.0719,0.5022
2023-11-06,277.595,0.0,535.7822,43.574
2023-11-07,424.1065,0.0,730.7856,86.2371
2023-11-08,283.6273,0.0,528.2885,60.5067
2023-11-09,386.7539,0.0,678.0203,75.7151
2023-11-10,335.369,0.0,589.2448,69.5873
2023-11-11,95.665,0.0,224.3303,0.4825
2023-11-12,94.051,0.0,230.2607,0.4876
2023-11-13,258.2001,0.0,473.0601,58.4313
2023-11-14,480.0695,0.0,751.0158,118.6895
2023-11-15,292.9684,0.0,561.0305,51.0186
2023-11-16,397.765,0.0,682.1712,81.8491
2023-11-17,285.2119,0.0,538.3233,54.3251
2023-11-18,103.5434,0.0,265.3489,0.5058
2023-11-19,102.6242,0.0,246.4297,0.5043
2023-11-20,354.5395,0.0,586.0815,88.9252
2023-11-21,416.3224,0.0,699.5968,86.0191
2023-11-22,297.0573,0.0,582.6463,63.4259
2023-11-23,362.2483,0.0,644.1418,79.243
2023-11-24,343.8133,0.0,612.0921,77.928
2023-11-25,102.8592,0.0,278.245,0.4875
2023-11-26,100.2181,0.0,271.5648,0.4708
2023-11-27,305.7528,0.0,538.2331,74.1389
2023-11-28,488.8649,0.0,814.6942,106.8451
2023-11-29,281.565,0.0,591.5732,46.7413
2023-11-30,390.1775,0.0,714.3474,66.982
2023-12-01,480.1737,0.0,788.7021,112.4611
2023-12-02,107.4442,0.0,308.8048,1.8569
2023-12-03,99.8724,0.0,296.4444,0.4753
2023-12-04,310.1187,0.0,582.0758,65.078
2023-12-05,444.8645,0.0,721.7175,120.7458
2023-12-06,319.1126,0.0,632.8308,58.0023
2023-12-07,415.936,0.0,800.9394,67.1613
2023-12-08,326.522,0.0,619.0307,68.0091
2023-12-09,107.2492,0.0,287.8289,1.0178
2023-12-10,104.3525,0.0,272.6148,0.4877
2023-12-11,412.4323,0.0,665.8034,96.3636
2023-12-12,407.6349,0.0,693.6136,93.9057
2023-12-13,290.7816,0.0,559.3832,61.2159
2023-12-14,373.8076,0.0,665.6214,88.6107
2023-12-15,231.4964,0.0,503.2772,38.8236
2023-12-16,107.8415,0.0,275.7583,0.5793
2023-12-17,154.442,0.0,329.1304,17.0881
2023-12-18,311.5618,0.0,619.766,48.782
2023-12-19,384.1791,0.0,678.5735,89.7486
2023-12-20,436.4045,0.0,769.5951,84.3037
2023-12-21,343.7668,0.0,632.1398,66.3162
2023-12-22,245.7694,0.0,489.1224,43.6511
2023-12-23,108.1635,0.0,268.1063,0.4942
2023-12-24,105.1392,0.0,259.3866,0.4886
2023-12-25,149.7493,0.0,324.0468,15.0931
2023-12-26,283.0602,0.0,521.3206,64.9055
2023-12-27,324.0294,0.0,575.926,64.8705
2023-12-28,187.2168,0.0,443.3221,18.3003
2023-12-29,153.9844,0.0,382.2267,14.919
2023-12-30,107.3908,0.0,269.786,0.4953
2023-12-31,105.2474,0.0,261.2553,0.5097
2024-01-01,105.8498,0.0,296.6178,0.4933
2024-01-02,440.4996,0.0,724.0539,94.0931
2024-01-03,348.1919,0.0,647.9624,62.2537
2024-01-04,444.7973,0.0,749.1154,95.0675
2024-01-05,290.3454,0.0,580.7887,52.8788
2024-01-06,107.2829,0.0,301.1613,0.489
2024-01-07,103.7059,0.0,312.5234,0.4849
2024-01-08,472.8963,0.0,792.828,120.5545
2024-01-09,296.2202,0.0,650.6196,44.119
2024-01-10,373.4652,0.0,692.1736,90.7228
2024-01-11,342.8504,0.0,715.8527,64.9388
2024-01-12,591.2047,0.0,968.4439,162.8388
2024-01-13,109.0074,0.0,315.3059,0.4685
2024-01-14,116.3518,0.0,314.864,3.8552
2024-01-15,485.2236,0.0,829.1534,110.779
2024-01-16,462.3531,0.0,780.4549,105.4127
2024-01-17,303.7029,0.0,605.2568,56.4677
2024-01-18,384.4741,0.0,714.9439,77.1611
2024-01-19,404.5775,0.0,771.012,95.1497
2024-01-20,109.6135,0.0,400.8861,0.4781
2024-01-21,120.1958,0.0,401.8423,4.6274
2024-01-22,376.3464,0.0,675.2527,71.5566
2024-01-23,423.5883,0.0,764.0298,94.8239
2024-01-24,359.5188,0.0,686.4729,58.0298
2024-01-25,339.5786,0.0,671.5936,72.6889
2024-01-26,251.0993,0.0,636.9357,24.8248
2024-01-27,112.1369,0.0,382.7804,0.4738
2024-01-28,110.9693,0.0,374.9269,0.4867
2024-01-29,495.3969,0.0,870.3197,100.8815
2024-01-30,312.205,0.0,658.4108,40.5348
2024-01-31,344.8269,0.0,683.2481,65.8642
2024-02-01,364.202,0.0,700.1935,76.1359
2024-02-02,250.9203,0.0,560.5641,39.3085
2024-02-03,112.3815,0.0,310.9811,0.4871
2024-02-04,111.0754,0.0,306.0441,0.4842
2024-02-05,346.191,0.0,662.2053,68.62
2024-02-06,392.5719,0.0,705.2369,86.9235
2024-02-07,486.5703,0.0,881.1487,106.3151
2024-02-08,276.9977,0.0,592.7928,52.4073
2024-02-09,288.4654,0.0,562.1748,58.4131
2024-02-10,112.688,0.0,293.7603,0.4803
2024-02-11,114.2507,0.0,305.6054,1.362
2024-02-12,377.5121,0.0,702.0378,70.6766
2024-02-13,349.2385,0.0,665.3077,71.1014
2024-02-14,327.8139,0.0,619.871,60.8353
2024-02-15,288.4994,0.0,560.2396,60.1673
2024-02-16,254.6803,0.0,528.2334,40.7534
2024-02-17,120.8165,0.0,324.619,0.468
2024-02-18,110.8944,0.0,305.9155,0.465
2024-02-19,442.3535,0.0,744.5528,99.8034
2024-02-20,373.5128,0.0,727.136,71.4344
2024-02-21,394.4825,0.0,743.7727,80.0434
2024-02-22,350.5508,0.0,686.4488,71.0222
2024-02-23,247.8601,0.0,569.8244,35.3643
2024-02-24,113.0118,0.0,334.8592,0.485
2024-02-25,112.2781,0.0,323.1516,0.4877
2024-02-26,301.7946,0.0,621.8489,56.0281
2024-02-27,293.1976,0.0,666.7913,40.9986
2024-02-28,354.6592,0.0,690.2669,71.8295
2024-02-29,413.6045,0.0,799.0769,93.787
2024-03-01,283.2119,0.0,666.804,40.7677
2024-03-02,113.8888,0.0,365.4618,0.4923
2024-03-03,120.7555,0.0,372.8648,0.4821
2024-03-04,355.3231,0.0,721.6227,71.4285
2024-03-05,295.8831,0.0,688.7384,38.7935
2024-03-06,265.5244,0.0,609.7514,18.0455
2024-03-07,407.0707,0.0,838.021,35.3008
2024-03-08,235.0276,0.0,527.8784,13.3325
2024-03-09,120.3065,0.0,314.8698,10.9969
2024-03-10,111.6488,0.0,305.5482,11.6565
2024-03-11,365.8283,0.0,706.7985,23.9453
2024-03-12,317.1776,0.0,687.9991,18.34
2024-03-13,219.7775,0.0,517.1015,2.2198
2024-03-14,490.5959,0.0,877.5061,96.0831
2024-03-15,203.2275,0.0,450.917,22.3941
2024-03-16,112.7371,0.0,299.9727,5.8577
2024-03-17,110.6959,0.0,298.9759,9.8006
2024-03-18,388.5399,0.0,671.5006,89.1706
2024-03-19,372.2306,0.0,669.6287,53.6742
2024-03-20,243.6541,0.0,539.9779,7.8064
2024-03-21,323.5998,0.0,639.6948,28.7419
2024-03-22,287.1234,0.0,571.5507,32.0684
2024-03-23,120.3262,0.0,329.6177,5.3714
2024-03-24,110.735,0.0,326.754,3.6835
2024-03-25,363.2234,0.0,754.6695,16.6209
2024-03-26,224.831,0.0,528.8059,-0.2794
2024-03-27,265.8443,0.0,540.0441,35.7351
2024-03-28,431.6675,0.0,768.4954,80.1733
2024-03-29,319.3861,0.0,637.9,33.189
2024-03-30,113.3161,0.0,313.391,2.0316
2024-03-31,107.8505,0.0,301.4093,6.0136
2024-04-01,111.5154,0.0,320.3804,4.1215
2024-04-02,247.0152,0.0,551.2228,-17.7596
2024-04-03,454.107,0.0,839.5122,34.2693
2024-04-04,236.5576,0.0,563.7511,7.2044
2024-04-05,214.9507,0.0,462.7432,31.9484
2024-04-06,113.0242,0.0,276.0576,15.5602
2024-04-07,111.0534,0.0,272.7429,15.2424
2024-04-08,388.2425,0.0,731.6677,47.2282
2024-04-09,292.6949,0.0,588.3363,32.7898
2024-04-10,298.7072,0.0,638.1026,21.4204
2024-04-11,270.9529,0.0,599.8908,21.1252
2024-04-12,320.2958,0.0,593.7288,72.6412
2024-04-13,113.8804,0.0,280.1923,15.7937
2024-04-14,111.1823,0.0,280.5823,13.2814
2024-04-15,423.7691,0.0,740.4904,85.9457
2024-04-16,462.3346,0.0,979.0068,12.8003
2024-04-17,224.6238,0.0,545.1201,-1.8945
2024-04-18,363.9744,0.0,697.4902,75.6209
2024-04-19,268.6347,0.0,549.7967,30.2281
2024-04-20,113.5033,0.0,331.4213,-0.6776
2024-04-21,111.7591,0.0,332.1058,0.4198
2024-04-22,444.0599,0.0,835.409,50.3604
2024-04-23,335.4992,0.0,735.0386,1.293
2024-04-24,279.8473,0.0,653.2224,1.9491
2024-04-25,377.1284,0.0,751.269,54.3398
2024-04-26,192.4401,0.0,478.8076,17.9319
2024-04-27,114.3296,0.0,301.3486,8.1345
2024-04-28,113.4952,0.0,288.0846,13.4768
2024-04-29,395.1448,0.0,748.5055,56.813
2024-04-30,321.41,0.0,623.7445,30.2681
2024-05-01,145.7593,0.0,313.3897,20.4321
2024-05-02,541.5118,0.0,905.5363,88.9037
2024-05-03,218.434,0.0,467.7238,40.402
2024-05-04,114.4743,0.0,300.8345,9.1364
2024-05-05,112.5739,0.0,291.8847,12.8911
2024-05-06,344.6442,0.0,721.7452,27.069
2024-05-07,396.1851,0.0,733.7107,69.9861
2024-05-08,422.9269,0.0,692.7004,87.5583
2024-05-09,118.8536,0.0,316.5268,12.4178
2024-05-10,224.2163,0.0,479.2907,10.9162
2024-05-11,157.4286,0.0,322.5827,30.1407
2024-05-12,114.5101,0.0,279.2698,17.2141
2024-05-13,514.0097,0.0,944.493,47.4475
2024-05-14,260.1371,0.0,568.4581,48.9296
2024-05-15,184.0069,0.0,431.7817,21.7246
2024-05-16,360.2348,0.0,714.9918,41.0632
2024-05-17,408.3806,0.0,723.3166,89.3867
2024-05-18,114.361,0.0,283.0889,20.5707
2024-05-19,112.1387,0.0,278.6513,20.608
2024-05-20,112.8824,0.0,291.5663,19.2632
2024-05-21,549.3526,0.0,905.3124,87.5502
2024-05-22,321.0511,0.0,606.5145,55.0212
2024-05-23,432.6945,0.0,744.8542,94.6709
2024-05-24,216.8734,0.0,495.1576,27.7447
2024-05-25,109.7151,0.0,286.9211,0.4992
2024-05-26,157.3053,0.0,318.905,16.7621
2024-05-27,369.7553,0.0,685.7043,80.6412
2024-05-28,437.756,0.0,792.6645,108.6035
2024-05-29,284.7167,0.0,540.866,52.3446
2024-05-30,364.5452,0.0,742.95,58.937
2024-05-31,318.337,0.0,560.1718,63.0484
2024-06-01,114.6601,0.0,269.1841,0.4984
2024-06-02,112.7003,0.0,269.1264,0.4741
2024-06-03,387.242,0.0,670.7485,91.6261
2024-06-04,470.2134,0.0,770.088,99.045
2024-06-05,204.6278,0.0,404.2526,25.2459
2024-06-06,277.9694,0.0,535.964,47.9372
2024-06-07,451.4757,0.0,694.0616,105.9197
2024-06-08,61.5458,0.0,104.035,0.9178
2024-06-09,33.0413,0.0,25.2601,0.483
2024-06-10,358.2081,0.0,601.0059,89.8916
2024-06-11,230.4769,0.0,408.6398,50.2273
2024-06-12,239.8351,0.0,403.5992,54.1698
2024-06-13,331.8844,0.0,489.077,81.3946
2024-06-14,242.7731,0.0,516.7309,46.5931
2024-06-15,65.0712,0.0,120.4906,0.4923
2024-06-16,56.104,0.0,95.522,0.4936
2024-06-17,318.5746,0.0,555.5535,63.8638
2024-06-18,355.5021,0.0,708.124,74.2076
2024-06-19,246.6813,0.0,382.1338,57.4735
2024-06-20,295.4816,0.0,562.5963,35.9131
2024-06-21,293.8695,0.0,639.4555,29.5516
2024-06-22,58.5756,0.0,118.2632,0.4987
2024-06-23,26.762,0.0,22.0903,0.4945
2024-06-24,245.9278,0.0,441.0569,39.547
2024-06-25,381.834,0.0,553.4438,101.3752
2024-06-26,307.5998,0.0,463.9981,72.4302
2024-06-27,504.8068,38.1293,720.5746,206.8654
2024-06-28,294.602,74.8399,420.0275,196.3984
2024-06-29,47.7904,65.7112,58.3534,131.1705
2024-06-30,59.4027,52.206,103.7277,104.2808
2024-07-01,273.9246,64.734,477.0715,162.2906
2024-07-02,387.1251,61.9206,621.1996,158.9532
2024-07-03,197.1029,38.9908,386.3297,96.9603
2024-07-04,332.8019,73.6055,529.4595,195.9376
2024-07-05,125.8717,47.8825,322.8229,72.3157
2024-07-06,58.0325,53.8093,94.3199,107.4694
2024-07-07,61.3913,47.8676,108.7192,95.6223
2024-07-08,229.8179,73.5408,422.1375,154.6757
2024-07-09,259.018,66.4173,459.8094,149.0281
2024-07-10,105.2224,67.2941,300.4655,108.8478
2024-07-11,279.3088,82.8923,471.3046,184.8922
2024-07-12,156.3001,27.5603,349.397,54.5232
2024-07-13,59.6511,52.6741,97.8613,105.2764
2024-07-14,45.4708,65.6224,56.1989,131.1373
2024-07-15,295.9159,99.0135,548.037,184.4797
2024-07-16,277.1681,66.9816,503.1061,152.1265
2024-07-17,148.5091,93.6067,366.871,134.4938
2024-07-18,320.0244,91.4878,563.0665,210.4827
2024-07-19,110.6343,66.8524,276.9549,129.535
2024-07-20,51.8139,64.2091,66.6898,128.1741
2024-07-21,78.881,32.4993,153.2458,64.902
2024-07-22,229.7738,102.2655,493.8176,174.5581
2024-07-23,366.0808,64.3222,605.581,166.7266
2024-07-24,178.8681,74.0243,341.0211,164.8869
2024-07-25,434.7996,75.654,809.79,144.1524
2024-07-26,194.3133,65.1237,365.5402,128.7287
2024-07-27,66.4559,46.8035,114.5941,93.4705
2024-07-28,49.9646,63.2076,66.2548,126.1273
2024-07-29,258.089,104.1453,486.4636,203.7759
2024-07-30,259.3167,89.6946,501.4846,181.355
2024-07-31,362.1194,51.193,528.4456,177.864
2024-08-01,388.0367,52.1865,705.5817,128.2468
2024-08-02,205.4986,72.093,369.0292,155.3309
2024-08-03,89.7313,40.9978,192.3653,81.8469
2024-08-04,72.2865,39.6089,133.6875,79.1309
2024-08-05,273.2572,89.5799,463.1698,212.3587
2024-08-06,390.4819,106.2901,708.5618,207.4218
2024-08-07,182.6887,50.689,361.2639,119.1976
2024-08-08,282.7759,79.6593,520.1439,170.0256
2024-08-09,122.8644,52.9291,339.1548,79.3583
2024-08-10,47.4807,67.626,54.997,135.1049
2024-08-11,44.3393,70.3057,45.7723,140.3865
2024-08-12,223.8012,80.5309,459.8791,167.5123
2024-08-13,299.1936,77.8422,564.2352,168.6458
2024-08-14,218.0229,41.1506,446.9736,91.8142
2024-08-15,61.2148,58.5452,112.1737,116.8528
2024-08-16,217.3726,24.2584,424.145,71.6302
2024-08-17,65.4238,48.7717,108.062,97.3463
2024-08-18,64.3494,47.0894,108.8785,93.9481
2024-08-19,239.2473,76.7167,467.226,154.3206
2024-08-20,275.1388,66.1213,625.0023,91.781
2024-08-21,245.9339,70.2805,485.0643,134.3535
2024-08-22,313.8928,74.3741,537.1974,171.5806
2024-08-23,143.4187,40.2848,333.3583,76.7147
2024-08-24,78.8755,34.5828,161.9634,69.0034
2024-08-25,59.4301,51.391,111.5444,102.6716
2024-08-26,243.5729,73.4438,491.3158,136.723
2024-08-27,275.348,104.4012,643.69,158.4097
2024-08-28,229.165,86.8619,540.8025,145.765
2024-08-29,211.8275,67.2893,514.1134,120.0188
2024-08-30,254.6273,58.2128,535.2751,102.5071
2024-08-31,59.6324,54.7031,94.7279,109.1534
2024-09-01,82.8244,53.6118,120.3231,114.0092
2024-09-02,223.1087,58.3374,446.6931,109.8814
2024-09-03,300.3245,55.6081,693.6073,78.2605
2024-09-04,284.4666,43.6862,564.9515,96.2717
2024-09-05,329.8096,41.3632,645.2527,82.937
2024-09-06,267.3365,25.2266,546.541,45.0747
2024-09-07,71.1686,44.0192,123.7807,87.9109
2024-09-08,86.1453,49.1523,173.5399,82.8822
2024-09-09,337.7548,66.7148,684.2652,109.4516
2024-09-10,284.064,34.1948,532.6724,81.3663
2024-09-11,250.6571,72.8083,568.7939,105.9483
2024-09-12,403.1034,64.8374,688.4925,156.9863
2024-09-13,206.581,45.6881,393.2328,97.1665
2024-09-14,100.9904,41.5893,172.167,91.8918
2024-09-15,90.3189,46.9128,149.524,101.3687
2024-09-16,565.2378,71.8414,1000.7679,163.728
2024-09-17,230.0882,67.1942,505.9787,109.9159
2024-09-18,276.768,52.8451,522.4903,126.1724
2024-09-19,277.7985,63.3596,514.1215,134.9492
2024-09-20,181.54,51.8288,366.1113,110.1057
2024-09-21,72.924,43.6408,141.278,87.152
2024-09-22,93.2326,20.4921,207.9222,40.844
2024-09-23,345.2128,55.6201,665.6993,118.3842
2024-09-24,379.5485,58.0807,744.2352,111.6541
2024-09-25,326.7847,55.1643,699.3169,75.1824
2024-09-26,294.3745,47.1228,573.2885,85.1614
2024-09-27,262.9794,40.2125,590.4326,65.2528
2024-09-28,143.7178,57.4107,331.9783,83.4555
2024-09-29,94.0156,30.409,208.8391,64.8425
2024-09-30,373.1217,64.7108,809.0249,77.946
2024-10-01,368.2247,43.9536,748.7435,86.5581
2024-10-02,293.1289,39.6449,644.3945,84.4187
2024-10-03,399.1157,86.0714,791.4648,140.4529
2024-10-04,167.8946,138.9359,464.5271,67.8228
2024-10-05,118.9032,39.6358,219.3809,90.3266
2024-10-06,84.9966,32.779,190.5316,63.7775
2024-10-07,368.6327,201.3375,746.574,131.3567
2024-10-08,439.0401,261.9034,914.7444,111.5582
2024-10-09,420.5577,232.0764,888.19,71.534
2024-10-10,298.2822,98.6314,611.9316,89.3728
2024-10-11,232.1419,92.8671,518.4888,88.442
2024-10-12,105.1039,15.3736,292.0026,28.8274
2024-10-13,93.8334,23.7335,249.814,45.6246
2024-10-14,404.1164,298.5498,988.7168,68.54
2024-10-15,261.8208,136.7775,655.9771,56.083
2024-10-16,373.8387,249.3718,806.4274,86.3938
2024-10-17,470.1463,251.7128,923.3819,99.3595
2024-10-18,237.2491,78.6379,510.4787,32.1455
2024-10-19,106.0741,13.5099,227.9235,25.2748
2024-10-20,101.6148,16.1439,218.0137,30.553
2024-10-21,376.5593,257.8335,886.6625,50.5443
2024-10-22,456.1865,285.9437,995.3064,100.9531
2024-10-23,321.9509,172.6819,704.5457,91.0813
2024-10-24,369.3049,231.3023,815.9362,100.9235
2024-10-25,349.8478,150.0109,739.2184,93.4199
2024-10-26,94.2487,24.8094,213.5402,47.7742
2024-10-27,98.9846,22.7062,227.5471,43.5684
2024-10-28,406.3761,166.0476,831.4377,92.2271
2024-10-29,390.8297,201.4182,855.2031,65.2743
2024-10-30,353.1689,93.0611,734.4653,58.0519
2024-10-31,311.5674,176.175,720.0727,59.1618
2024-11-01,110.9206,5.8361,310.5956,9.8315
2024-11-02,117.5815,8.0488,291.9662,14.2712
2024-11-03,97.3875,19.3025,265.7999,36.8385
2024-11-04,430.0036,186.3585,926.3045,86.0607
2024-11-05,452.2952,340.4274,1134.5927,59.2269
2024-11-06,323.687,100.9896,707.4714,49.6641
2024-11-07,417.2336,167.6942,877.7563,70.7385
2024-11-08,340.7296,187.9247,823.3522,44.6885
2024-11-09,126.7657,4.574,320.4322,7.2391
2024-11-10,115.2906,6.9018,288.9328,11.9835
2024-11-11,108.7383,14.1043,282.0888,26.4287
2024-11-12,588.3112,289.0259,1158.8211,112.2289
2024-11-13,255.8301,174.6818,691.5455,33.5497
2024-11-14,419.13,182.3009,893.4854,80.6348
2024-11-15,348.1365,112.0861,717.4003,53.5289
2024-11-16,116.1289,8.4677,290.0442,14.985
2024-11-17,110.8341,11.6376,281.3388,21.3724
2024-11-18,527.4279,293.5638,1101.8582,104.8587
2024-11-19,360.145,250.5598,902.6763,41.6184
2024-11-20,420.4468,184.0845,929.2602,86.8299
2024-11-21,439.7067,218.061,1039.754,78.6352
2024-11-22,305.9523,91.896,707.1684,61.5449
2024-11-23,112.7232,6.491,336.984,11.1054
2024-11-24,107.7531,10.6079,273.8944,19.4306
2024-11-25,408.0896,164.8153,861.7097,61.5789
2024-11-26,352.1609,198.642,867.1015,38.1509
2024-11-27,329.4153,109.7302,751.8752,63.0756
2024-11-28,554.4101,295.0315,1243.498,91.7178
2024-11-29,272.1702,118.018,691.6433,50.7034
2024-11-30,117.327,10.255,374.9509,18.6299
2024-12-01,136.5552,9.3339,342.465,25.8887
2024-12-02,377.3893,158.1773,846.5442,69.3374
2024-12-03,466.1636,239.4288,1034.4583,86.1314
2024-12-04,259.8176,46.7876,643.921,34.5368
2024-12-05,467.2826,189.0651,953.4823,82.0417
2024-12-06,346.0026,191.4157,804.0869,52.2276
2024-12-07,128.7875,6.9306,307.7453,12.0849
2024-12-08,131.541,3.3353,323.8593,4.865
2024-12-09,403.0406,137.7281,841.4525,82.7905
2024-12-10,481.0976,307.4334,1106.9622,73.5606
2024-12-11,341.8042,96.2858,765.4174,44.8664
2024-12-12,515.4945,256.4067,1123.3262,95.9486
2024-12-13,276.7776,73.1656,683.0671,34.5099
2024-12-14,117.9576,5.0693,349.746,8.2702
2024-12-15,135.3265,4.2246,348.2041,13.9072
2024-12-16,449.4698,206.7215,935.0598,90.3397
2024-12-17,368.0263,66.2029,739.9518,70.4229
2024-12-18,525.2859,315.4087,1137.4666,91.3312
2024-12-19,345.5311,117.1382,764.2409,70.9279
2024-12-20,260.5346,57.9073,609.2099,41.9378
2024-12-21,124.1753,3.4417,323.9116,5.0388
2024-12-22,110.8977,7.7078,316.9069,13.6644
2024-12-23,365.8231,160.0806,837.3546,66.3039
2024-12-24,179.5896,72.6128,555.2398,9.7421
2024-12-25,114.3769,4.1889,329.3572,6.556
2024-12-26,221.5755,87.7954,597.861,24.5455
2024-12-27,155.2673,80.4619,539.9805,8.4938
2024-12-28,110.2941,8.711,343.2405,15.467
2024-12-29,113.1825,4.5916,354.134,7.2798
2024-12-30,365.7636,70.3051,755.6954,76.7265
2024-12-31,134.6477,28.3056,462.1548,7.0041
2025-01-01,116.5533,2.4815,348.5335,3.1499
2025-01-02,462.0575,192.6082,981.4626,93.3138
2025-01-03,289.7847,105.5557,721.0132,56.4446
2025-01-04,109.2323,8.7795,349.8918,15.7201
2025-01-05,113.7759,2.5154,336.9947,3.1767
2025-01-06,387.7358,157.267,853.9688,68.737
2025-01-07,318.9644,139.3325,818.1451,43.2041
2025-01-08,341.9903,209.8494,902.7157,54.1012
2025-01-09,493.2186,238.8378,1152.2974,90.8253
2025-01-10,604.8022,222.2274,1284.1213,134.2146
2025-01-11,113.0705,7.3262,392.381,12.6331
2025-01-12,111.8072,6.8367,390.1492,11.6768
2025-01-13,398.9357,149.4165,914.5072,98.554
2025-01-14,524.4756,291.1245,1206.3632,116.5732
2025-01-15,410.7923,168.0314,954.8469,77.9546
2025-01-16,407.7118,161.3458,956.9783,79.8209
2025-01-17,534.2567,270.3652,1179.1778,95.9759
2025-01-18,116.699,3.8343,407.7097,5.7788
2025-01-19,113.1933,4.3239,389.2374,6.7761
2025-01-20,441.732,179.1093,1031.129,82.9031
2025-01-21,461.2645,134.636,992.979,105.9122
2025-01-22,333.4676,178.4788,908.2467,45.5347
2025-01-23,471.4048,202.518,1050.6946,110.4293
2025-01-24,261.2651,49.2851,678.9752,32.8457
2025-01-25,117.6772,6.4928,367.2872,11.1626
2025-01-26,130.1443,10.7163,387.6149,26.6154
2025-01-27,450.3981,271.5009,1041.9148,99.9458
2025-01-28,423.1032,256.7027,1058.4958,58.9436
2025-01-29,372.4858,243.2132,970.1651,66.0521
2025-01-30,378.4565,151.8943,880.8431,78.45
2025-01-31,359.8076,203.6682,912.456,67.571
2025-02-01,102.2347,19.7258,346.4734,37.6142
2025-02-02,99.3305,20.7544,343.1193,39.6947
2025-02-03,423.1866,223.5849,994.4988,94.503
2025-02-04,439.1756,273.2723,1123.2467,70.0211
2025-02-05,298.943,172.8837,857.1851,35.0144
2025-02-06,434.072,139.6166,933.0165,97.522
2025-02-07,304.1454,89.7673,754.5138,59.2472
2025-02-08,103.33,17.7222,331.3619,33.6405
2025-02-09,106.9689,12.0024,341.658,22.1786
2025-02-10,447.8335,173.5686,1001.9805,87.0949
2025-02-11,429.6754,221.0192,1071.6223,50.205
2025-02-12,239.3214,154.7502,770.3069,25.1784
2025-02-13,640.1228,259.6321,1338.8567,121.8009
2025-02-14,273.8047,76.3197,709.5821,61.3992
2025-02-15,104.3327,18.8763,352.5995,35.9465
2025-02-16,119.0974,24.7185,355.897,56.2186
2025-02-17,431.007,211.156,963.6415,137.7204
2025-02-18,506.2693,373.104,1209.7616,127.8306
2025-02-19,216.5889,212.3383,618.9992,37.0805
