date,temperature_2m_max,temperature_2m_min,temperature_2m_mean
2022-08-10 23:00:00+00:00,31.904501,17.3045,24.6045
2022-08-11 23:00:00+00:00,31.9545,17.9545,24.9545
2022-08-12 23:00:00+00:00,31.6045,17.154501,24.379501
2022-08-13 23:00:00+00:00,32.1045,17.5545,24.8295
2022-08-14 23:00:00+00:00,27.3045,19.5545,23.4295
2022-08-15 23:00:00+00:00,26.1045,17.404501,21.754501
2022-08-16 23:00:00+00:00,21.404501,17.154501,19.279501
2022-08-17 23:00:00+00:00,24.8045,15.9045,20.3545
2022-08-18 23:00:00+00:00,24.1045,15.554501,19.8295
2022-08-19 23:00:00+00:00,22.654501,15.1045,18.879501
2022-08-20 23:00:00+00:00,22.8545,13.8545,18.3545
2022-08-21 23:00:00+00:00,25.8045,15.3545,20.5795
2022-08-22 23:00:00+00:00,27.5545,15.1045,21.3295
2022-08-23 23:00:00+00:00,29.9545,17.0545,23.504501
2022-08-24 23:00:00+00:00,31.8045,19.3545,25.5795
2022-08-25 23:00:00+00:00,23.404501,18.0545,20.7295
2022-08-26 23:00:00+00:00,21.3045,15.9545,18.629501
2022-08-27 23:00:00+00:00,22.3545,15.554501,18.9545
2022-08-28 23:00:00+00:00,24.4545,12.9045,18.6795
2022-08-29 23:00:00+00:00,24.3545,15.2545,19.8045
2022-08-30 23:00:00+00:00,24.2045,16.904501,20.5545
2022-08-31 23:00:00+00:00,25.2545,15.1545,20.2045
2022-09-01 23:00:00+00:00,27.1045,14.7045,20.9045
2022-09-02 23:00:00+00:00,24.7045,15.1545,19.9295
2022-09-03 23:00:00+00:00,25.8045,15.2545,20.529501
2022-09-04 23:00:00+00:00,28.7545,16.7045,22.7295
2022-09-05 23:00:00+00:00,27.2545,16.3545,21.8045
2022-09-06 23:00:00+00:00,23.1045,15.1045,19.1045
2022-09-07 23:00:00+00:00,20.7545,15.4545,18.1045
2022-09-08 23:00:00+00:00,19.154501,14.3545,16.754501
2022-09-09 23:00:00+00:00,19.7045,13.9545,16.8295
2022-09-10 23:00:00+00:00,21.6045,12.4045,17.0045
2022-09-11 23:00:00+00:00,23.6045,12.0045,17.8045
2022-09-12 23:00:00+00:00,22.9545,16.1045,19.5295
2022-09-13 23:00:00+00:00,16.2545,13.2545,14.754499
2022-09-14 23:00:00+00:00,18.9545,12.054501,15.5045
2022-09-15 23:00:00+00:00,15.1545,10.1045,12.629499
2022-09-16 23:00:00+00:00,14.2545,9.7045,11.9795
2022-09-17 23:00:00+00:00,14.1045,10.2545,12.179501
2022-09-18 23:00:00+00:00,16.7545,8.554501,12.6545
2022-09-19 23:00:00+00:00,15.1545,9.4545,12.304501
2022-09-20 23:00:00+00:00,16.1045,6.8545003,11.4795
2022-09-21 23:00:00+00:00,18.5045,6.1045003,12.3045
2022-09-22 23:00:00+00:00,18.3045,7.9545,13.1295
2022-09-23 23:00:00+00:00,15.804501,12.5045,14.154501
2022-09-24 23:00:00+00:00,16.3045,9.1545,12.7295
2022-09-25 23:00:00+00:00,12.6045,9.9545,11.2795
2022-09-26 23:00:00+00:00,12.0045,8.2045,10.1045
2022-09-27 23:00:00+00:00,13.7045,6.2545004,9.9795
2022-09-28 23:00:00+00:00,14.5045,5.0545,9.7795
2022-09-29 23:00:00+00:00,16.0545,5.5545,10.804501
2022-09-30 23:00:00+00:00,17.3545,11.2045,14.2795
2022-10-01 23:00:00+00:00,16.2045,9.3545,12.7795
2022-10-02 23:00:00+00:00,16.7045,7.2045,11.9545
2022-10-03 23:00:00+00:00,18.1045,8.554501,13.3295
2022-10-04 23:00:00+00:00,18.904501,12.2045,15.554501
2022-10-05 23:00:00+00:00,16.8045,9.6045,13.2045
2022-10-06 23:00:00+00:00,17.3545,9.1045,13.2295
2022-10-07 23:00:00+00:00,15.1045,7.5045004,11.304501
2022-10-08 23:00:00+00:00,17.0545,5.5545,11.304501
2022-10-09 23:00:00+00:00,17.3545,7.5045004,12.429501
2022-10-10 23:00:00+00:00,15.3545,5.4545,10.4045
2022-10-11 23:00:00+00:00,14.804501,2.9045,8.8545
2022-10-12 23:00:00+00:00,14.304501,11.4545,12.8795
2022-10-13 23:00:00+00:00,15.304501,11.6545,13.4795
2022-10-14 23:00:00+00:00,16.904501,11.2545,14.0795
2022-10-15 23:00:00+00:00,17.4545,12.9045,15.179501
2022-10-16 23:00:00+00:00,18.1045,14.7545,16.4295
2022-10-17 23:00:00+00:00,17.654501,10.0045,13.8295
2022-10-18 23:00:00+00:00,16.7045,8.6045,12.6545
2022-10-19 23:00:00+00:00,18.3545,11.1045,14.7295
2022-10-20 23:00:00+00:00,19.404501,13.8545,16.629501
2022-10-21 23:00:00+00:00,17.6045,13.4045,15.504499
2022-10-22 23:00:00+00:00,19.5045,13.2545,16.3795
2022-10-23 23:00:00+00:00,17.3045,13.3545,15.3295
2022-10-24 23:00:00+00:00,16.8545,11.9545,14.4045
2022-10-25 23:00:00+00:00,20.1045,13.1545,16.6295
2022-10-26 23:00:00+00:00,20.0545,13.9545,17.004501
2022-10-27 23:00:00+00:00,21.0545,14.2045,17.629501
2022-10-28 23:00:00+00:00,23.5045,13.1045,18.3045
2022-10-29 23:00:00+00:00,20.0545,12.6045,16.3295
2022-10-30 23:00:00+00:00,17.0545,8.804501,12.929501
2022-10-31 23:00:00+00:00,16.404501,11.7045,14.054501
2022-11-01 23:00:00+00:00,14.054501,10.4545,12.2545
2022-11-02 23:00:00+00:00,15.554501,10.3545,12.9545
2022-11-03 23:00:00+00:00,11.6545,7.3045,9.4795
2022-11-04 23:00:00+00:00,11.1045,5.5545,8.3295
2022-11-05 23:00:00+00:00,11.7545,9.2045,10.4795
2022-11-06 23:00:00+00:00,14.7545,10.7045,12.7295
2022-11-07 23:00:00+00:00,15.5045,11.7545,13.6295
2022-11-08 23:00:00+00:00,13.9045,10.554501,12.2295
2022-11-09 23:00:00+00:00,13.5045,9.1545,11.3295
2022-11-10 23:00:00+00:00,12.6545,7.8545003,10.2545
2022-11-11 23:00:00+00:00,14.6045,4.8545003,9.7295
2022-11-12 23:00:00+00:00,13.7045,4.1545,8.929501
2022-11-13 23:00:00+00:00,10.054501,2.1545,6.1045003
2022-11-14 23:00:00+00:00,11.7545,8.8545,10.304501
2022-11-15 23:00:00+00:00,11.8545,7.9045,9.879499
2022-11-16 23:00:00+00:00,12.1545,8.8545,10.504499
2022-11-17 23:00:00+00:00,9.5045,6.9545,8.2295
2022-11-18 23:00:00+00:00,7.5045004,2.7045,5.1045003
2022-11-19 23:00:00+00:00,8.1545,2.4045,5.2795
2022-11-20 23:00:00+00:00,7.9045,4.0545,5.9795
2022-11-21 23:00:00+00:00,9.1045,5.1545,7.1295
2022-11-22 23:00:00+00:00,8.5045,6.2545004,7.3795004
2022-11-23 23:00:00+00:00,10.7045,7.2045,8.9545
2022-11-24 23:00:00+00:00,11.1045,5.7045,8.4045
2022-11-25 23:00:00+00:00,10.4045,4.6545,7.5295
2022-11-26 23:00:00+00:00,8.4545,6.0045004,7.2295003
2022-11-27 23:00:00+00:00,10.3545,4.1045003,7.2295
2022-11-28 23:00:00+00:00,6.6045003,3.6545,5.1295004
2022-11-29 23:00:00+00:00,7.5045004,4.3545003,5.9295006
2022-11-30 23:00:00+00:00,6.9045,2.8545,4.8795
2022-12-01 23:00:00+00:00,3.7545,2.1045,2.9295
2022-12-02 23:00:00+00:00,2.8545,0.7045,1.7795
2022-12-03 23:00:00+00:00,2.3044999,-1.7455001,0.2794999
2022-12-04 23:00:00+00:00,4.9045,1.8544999,3.3795
2022-12-05 23:00:00+00:00,5.9545,2.7545,4.3545
2022-12-06 23:00:00+00:00,5.7045,2.3044999,4.0045
2022-12-07 23:00:00+00:00,4.0045004,0.4545,2.2295003
2022-12-08 23:00:00+00:00,0.6545,-2.2955,-0.8205
2022-12-09 23:00:00+00:00,0.8545,-3.1955001,-1.1705
2022-12-10 23:00:00+00:00,1.3045,-1.7955,-0.24550003
2022-12-11 23:00:00+00:00,1.5044999,-4.2955,-1.3955
2022-12-12 23:00:00+00:00,-0.69549996,-5.1454997,-2.9204998
2022-12-13 23:00:00+00:00,-0.44550002,-6.1955,-3.3205
2022-12-14 23:00:00+00:00,1.3045,-6.5455,-2.6204998
2022-12-15 23:00:00+00:00,2.5544999,-5.7955,-1.6205
2022-12-16 23:00:00+00:00,-1.6455001,-5.8954997,-3.7705
2022-12-17 23:00:00+00:00,3.6545,-6.1454997,-1.2454998
2022-12-18 23:00:00+00:00,9.554501,3.6045,6.5795
2022-12-19 23:00:00+00:00,10.8545,8.304501,9.5795
2022-12-20 23:00:00+00:00,9.4045,6.5045004,7.9545
2022-12-21 23:00:00+00:00,10.304501,7.9545,9.1295
2022-12-22 23:00:00+00:00,12.6545,8.7545,10.7045
2022-12-23 23:00:00+00:00,11.1045,7.8045,9.4545
2022-12-24 23:00:00+00:00,9.6545,7.3545003,8.5045
2022-12-25 23:00:00+00:00,9.804501,3.5045,6.6545
2022-12-26 23:00:00+00:00,6.9545,3.3545,5.1545
2022-12-27 23:00:00+00:00,10.9545,6.4045,8.679501
2022-12-28 23:00:00+00:00,11.1045,6.6545,8.879499
2022-12-29 23:00:00+00:00,12.804501,4.9545,8.8795
2022-12-30 23:00:00+00:00,16.404501,12.8545,14.6295
2022-12-31 23:00:00+00:00,15.304501,10.9545,13.1295
2023-01-01 23:00:00+00:00,13.1045,6.1045003,9.6045
2023-01-02 23:00:00+00:00,9.1545,3.9545,6.5545
2023-01-03 23:00:00+00:00,12.4045,9.054501,10.7295
2023-01-04 23:00:00+00:00,10.804501,9.304501,10.054501
2023-01-05 23:00:00+00:00,11.804501,9.6545,10.7295
2023-01-06 23:00:00+00:00,11.0045,8.3545,9.679501
2023-01-07 23:00:00+00:00,10.054501,7.7545004,8.904501
2023-01-08 23:00:00+00:00,7.7545004,5.0545,6.4045
2023-01-09 23:00:00+00:00,10.804501,3.1545,6.9795003
2023-01-10 23:00:00+00:00,11.6545,8.554501,10.1045
2023-01-11 23:00:00+00:00,11.054501,8.4545,9.7545
2023-01-12 23:00:00+00:00,9.3545,6.8545003,8.1045
2023-01-13 23:00:00+00:00,11.8545,5.3545003,8.6045
2023-01-14 23:00:00+00:00,7.6545,4.2045,5.9295
2023-01-15 23:00:00+00:00,6.0045004,3.1545,4.5795
2023-01-16 23:00:00+00:00,3.4045,-3.1455,0.12950003
2023-01-17 23:00:00+00:00,4.0545,-2.6955001,0.6795
2023-01-18 23:00:00+00:00,3.5045,-1.0455,1.2294999
2023-01-19 23:00:00+00:00,4.5545,-1.0455,1.7545
2023-01-20 23:00:00+00:00,1.5044999,-2.0455,-0.27050006
2023-01-21 23:00:00+00:00,1.3045,-1.2955,0.004499972
2023-01-22 23:00:00+00:00,4.0545,-0.19550002,1.9295001
2023-01-23 23:00:00+00:00,2.6545,0.75450003,1.7045
2023-01-24 23:00:00+00:00,0.1045,-0.8955,-0.3955
2023-01-25 23:00:00+00:00,6.8545003,-0.69549996,3.0795002
2023-01-26 23:00:00+00:00,5.1545,2.0544999,3.6044998
2023-01-27 23:00:00+00:00,3.9045,-0.6455,1.6295
2023-01-28 23:00:00+00:00,5.0545,-1.3955001,1.8295
2023-01-29 23:00:00+00:00,8.2545,2.1545,5.2045
2023-01-30 23:00:00+00:00,8.1045,2.2545,5.1794996
2023-01-31 23:00:00+00:00,8.4545,4.0045004,6.2295003
2023-02-01 23:00:00+00:00,8.9545,7.1045003,8.0295
2023-02-02 23:00:00+00:00,10.4545,7.2045,8.8295
2023-02-03 23:00:00+00:00,9.7045,6.6045003,8.1545
2023-02-04 23:00:00+00:00,8.0045,3.0544999,5.5295
2023-02-05 23:00:00+00:00,6.8045,-1.2955,2.7545
2023-02-06 23:00:00+00:00,4.7545004,-3.1455,0.8045002
2023-02-07 23:00:00+00:00,6.5545,-4.3954997,1.0795002
2023-02-08 23:00:00+00:00,6.1045003,-2.1955001,1.9545001
2023-02-09 23:00:00+00:00,7.6045003,0.004499998,3.8045
2023-02-10 23:00:00+00:00,8.7045,3.4045,6.0545
2023-02-11 23:00:00+00:00,8.3545,4.1045003,6.2295
2023-02-12 23:00:00+00:00,11.1545,0.004499998,5.5795
2023-02-13 23:00:00+00:00,11.6545,-0.5455,5.5545
2023-02-14 23:00:00+00:00,11.1545,-0.99549997,5.0795
2023-02-15 23:00:00+00:00,10.3545,4.4045,7.3795
2023-02-16 23:00:00+00:00,12.054501,9.2045,10.6295
2023-02-17 23:00:00+00:00,11.054501,9.6545,10.3545
2023-02-18 23:00:00+00:00,10.1045,5.4545,7.7795
2023-02-19 23:00:00+00:00,9.9045,4.9545,7.4295
2023-02-20 23:00:00+00:00,8.4045,3.6045,6.0045
2023-02-21 23:00:00+00:00,11.1545,1.9045,6.5295
2023-02-22 23:00:00+00:00,9.0045,5.9045,7.4545
2023-02-23 23:00:00+00:00,6.8045,0.30449998,3.5545
2023-02-24 23:00:00+00:00,7.0045004,0.55450004,3.7795002
2023-02-25 23:00:00+00:00,5.0545,-0.99549997,2.0295
2023-02-26 23:00:00+00:00,5.8045,-2.3455,1.7295
2023-02-27 23:00:00+00:00,5.2045,-1.5455,1.8295001
2023-02-28 23:00:00+00:00,6.1045003,-2.8455,1.6295002
2023-03-01 23:00:00+00:00,8.5045,-1.5955,3.4545002
2023-03-02 23:00:00+00:00,6.4545,-0.94549996,2.7545002
2023-03-03 23:00:00+00:00,7.3045,1.4045,4.3545
2023-03-04 23:00:00+00:00,5.1545,2.8545,4.0045
2023-03-05 23:00:00+00:00,6.8545003,1.1044999,3.9795
2023-03-06 23:00:00+00:00,5.1545,1.5044999,3.3295
2023-03-07 23:00:00+00:00,3.1545,0.50450003,1.8295
2023-03-08 23:00:00+00:00,11.6045,1.6545,6.6295
2023-03-09 23:00:00+00:00,9.5045,1.0044999,5.2545004
2023-03-10 23:00:00+00:00,6.5545,-2.1955001,2.1795
2023-03-11 23:00:00+00:00,12.2045,3.2045,7.7045
2023-03-12 23:00:00+00:00,16.4545,9.7545,13.1045
2023-03-13 23:00:00+00:00,10.5045,2.5544999,6.5295
2023-03-14 23:00:00+00:00,8.3545,1.4545,4.9045
2023-03-15 23:00:00+00:00,13.304501,4.4045,8.8545
2023-03-16 23:00:00+00:00,17.404501,7.9545,12.679501
2023-03-17 23:00:00+00:00,15.4545,8.2545,11.8545
2023-03-18 23:00:00+00:00,12.3545,5.9045,9.129499
2023-03-19 23:00:00+00:00,10.8545,3.9045,7.3795
2023-03-20 23:00:00+00:00,13.3545,8.9545,11.1545
2023-03-21 23:00:00+00:00,11.7045,8.6545,10.179501
2023-03-22 23:00:00+00:00,15.8545,10.4545,13.1545
2023-03-23 23:00:00+00:00,13.054501,8.7045,10.8795
2023-03-24 23:00:00+00:00,12.3545,7.8545003,10.1045
2023-03-25 23:00:00+00:00,8.304501,5.8045,7.0545006
2023-03-26 23:00:00+00:00,7.5045004,0.80450004,4.1545
2023-03-27 23:00:00+00:00,9.7545,-1.1455001,4.3045
2023-03-28 23:00:00+00:00,15.2545,6.5545,10.9045
2023-03-29 23:00:00+00:00,14.7545,10.1545,12.4545
2023-03-30 23:00:00+00:00,12.4045,9.4545,10.929501
2023-03-31 23:00:00+00:00,10.1545,7.8545003,9.0045
2023-04-01 23:00:00+00:00,8.4045,3.0045,5.7045
2023-04-02 23:00:00+00:00,9.5045,0.7045,5.1045003
2023-04-03 23:00:00+00:00,9.5045,-0.4955,4.5045004
2023-04-04 23:00:00+00:00,11.1545,0.20449999,5.6795
2023-04-05 23:00:00+00:00,9.9045,4.2545004,7.0795
2023-04-06 23:00:00+00:00,10.7545,5.2545004,8.0045
2023-04-07 23:00:00+00:00,13.2045,6.1045003,9.6545
2023-04-08 23:00:00+00:00,14.8545,3.1045,8.9795
2023-04-09 23:00:00+00:00,15.0045,7.5545,11.2795
2023-04-10 23:00:00+00:00,12.7545,6.5045004,9.6295
2023-04-11 23:00:00+00:00,11.3545,6.6045003,8.9795
2023-04-12 23:00:00+00:00,12.8545,5.3045,9.0795
2023-04-13 23:00:00+00:00,13.6045,3.0045,8.3045
2023-04-14 23:00:00+00:00,14.4045,6.3545003,10.3795
2023-04-15 23:00:00+00:00,10.304501,6.5545,8.429501
2023-04-16 23:00:00+00:00,13.9045,7.4045,10.6545
2023-04-17 23:00:00+00:00,12.8545,4.7545004,8.804501
2023-04-18 23:00:00+00:00,14.8545,7.4045,11.129499
2023-04-19 23:00:00+00:00,10.804501,5.2545004,8.029501
2023-04-20 23:00:00+00:00,15.804501,5.9045,10.8545
2023-04-21 23:00:00+00:00,12.1045,4.0045004,8.054501
2023-04-22 23:00:00+00:00,14.304501,8.054501,11.179501
2023-04-23 23:00:00+00:00,11.4545,5.9545,8.7045
2023-04-24 23:00:00+00:00,9.9545,2.7545,6.3545
2023-04-25 23:00:00+00:00,9.8545,0.7045,5.2795
2023-04-26 23:00:00+00:00,13.2545,2.1545,7.7045
2023-04-27 23:00:00+00:00,15.554501,7.8045,11.679501
2023-04-28 23:00:00+00:00,14.6545,7.9045,11.2795
2023-04-29 23:00:00+00:00,17.5545,5.4545,11.5045
2023-04-30 23:00:00+00:00,16.7545,8.8545,12.8045
2023-05-01 23:00:00+00:00,14.4545,6.5545,10.5045
2023-05-02 23:00:00+00:00,15.5045,3.8545,9.679501
2023-05-03 23:00:00+00:00,22.5045,6.9545,14.7295
2023-05-04 23:00:00+00:00,17.8045,11.554501,14.679501
2023-05-05 23:00:00+00:00,18.404501,9.4045,13.904501
2023-05-06 23:00:00+00:00,18.0045,10.804501,14.4045
2023-05-07 23:00:00+00:00,17.1045,10.4545,13.7795
2023-05-08 23:00:00+00:00,14.6545,11.9045,13.2795
2023-05-09 23:00:00+00:00,16.154501,10.0045,13.0795
2023-05-10 23:00:00+00:00,17.3545,9.1545,13.254499
2023-05-11 23:00:00+00:00,18.6045,11.2045,14.9045
2023-05-12 23:00:00+00:00,21.404501,11.2545,16.3295
2023-05-13 23:00:00+00:00,19.2045,9.2545,14.2295
2023-05-14 23:00:00+00:00,15.9545,7.0045004,11.4795
2023-05-15 23:00:00+00:00,13.8545,6.8045,10.3295
2023-05-16 23:00:00+00:00,15.4045,6.3045,10.8545
2023-05-17 23:00:00+00:00,14.9545,5.7045,10.3295
2023-05-18 23:00:00+00:00,18.404501,6.4045,12.404501
2023-05-19 23:00:00+00:00,19.3045,10.0045,14.654501
2023-05-20 23:00:00+00:00,21.1045,10.554501,15.8295
2023-05-21 23:00:00+00:00,19.2045,11.2545,15.2295
2023-05-22 23:00:00+00:00,16.404501,9.2045,12.804501
2023-05-23 23:00:00+00:00,16.654501,5.9045,11.279501
2023-05-24 23:00:00+00:00,16.9545,8.5045,12.7295
2023-05-25 23:00:00+00:00,18.1045,7.5545,12.8295
2023-05-26 23:00:00+00:00,21.5545,7.6545,14.6045
2023-05-27 23:00:00+00:00,22.7545,10.1045,16.4295
2023-05-28 23:00:00+00:00,18.3045,9.4545,13.8795
2023-05-29 23:00:00+00:00,19.904501,8.2045,14.054501
2023-05-30 23:00:00+00:00,23.8045,10.554501,17.1795
2023-05-31 23:00:00+00:00,20.2045,9.6545,14.929501
2023-06-01 23:00:00+00:00,17.904501,10.2045,14.054501
2023-06-02 23:00:00+00:00,21.8545,11.1045,16.4795
2023-06-03 23:00:00+00:00,23.154501,10.9045,17.029501
2023-06-04 23:00:00+00:00,23.3045,10.3545,16.8295
2023-06-05 23:00:00+00:00,23.5045,10.054501,16.7795
2023-06-06 23:00:00+00:00,23.2545,12.554501,17.9045
2023-06-07 23:00:00+00:00,25.3545,12.7045,19.0295
2023-06-08 23:00:00+00:00,28.7545,15.6045,22.1795
2023-06-09 23:00:00+00:00,29.904501,18.4545,24.1795
2023-06-10 23:00:00+00:00,30.0545,18.4545,24.254501
2023-06-11 23:00:00+00:00,30.0545,16.654501,23.3545
2023-06-12 23:00:00+00:00,28.4545,18.6045,23.5295
2023-06-13 23:00:00+00:00,26.4545,16.7545,21.6045
2023-06-14 23:00:00+00:00,26.2545,15.0045,20.6295
2023-06-15 23:00:00+00:00,26.8045,13.6045,20.2045
2023-06-16 23:00:00+00:00,27.7545,14.2545,21.0045
2023-06-17 23:00:00+00:00,25.3545,18.154501,21.754501
2023-06-18 23:00:00+00:00,25.3045,16.2545,20.7795
2023-06-19 23:00:00+00:00,28.3045,18.404501,23.3545
2023-06-20 23:00:00+00:00,24.904501,17.2045,21.0545
2023-06-21 23:00:00+00:00,23.654501,16.5045,20.0795
2023-06-22 23:00:00+00:00,25.0045,14.6045,19.8045
2023-06-23 23:00:00+00:00,26.2545,13.804501,20.0295
2023-06-24 23:00:00+00:00,30.2545,15.4045,22.8295
2023-06-25 23:00:00+00:00,22.7545,17.0545,19.9045
2023-06-26 23:00:00+00:00,21.5045,15.5045,18.5045
2023-06-27 23:00:00+00:00,22.3545,15.8545,19.1045
2023-06-28 23:00:00+00:00,22.4545,16.404501,19.4295
2023-06-29 23:00:00+00:00,21.8045,11.7045,16.754501
2023-06-30 23:00:00+00:00,20.0045,16.654501,18.3295
2023-07-01 23:00:00+00:00,20.6045,15.304501,17.9545
2023-07-02 23:00:00+00:00,20.7545,13.2045,16.9795
2023-07-03 23:00:00+00:00,20.6045,13.7045,17.1545
2023-07-04 23:00:00+00:00,19.9545,12.3545,16.1545
2023-07-05 23:00:00+00:00,21.404501,11.8545,16.629501
2023-07-06 23:00:00+00:00,27.5045,12.9045,20.2045
2023-07-07 23:00:00+00:00,31.154501,15.6045,23.379501
2023-07-08 23:00:00+00:00,26.5545,18.4545,22.504501
2023-07-09 23:00:00+00:00,25.404501,15.1545,20.279501
2023-07-10 23:00:00+00:00,27.8045,16.154501,21.9795
2023-07-11 23:00:00+00:00,22.2045,15.304501,18.754501
2023-07-12 23:00:00+00:00,21.8545,13.804501,17.8295
2023-07-13 23:00:00+00:00,24.904501,14.0045,19.4545
2023-07-14 23:00:00+00:00,25.1045,17.0045,21.0545
2023-07-15 23:00:00+00:00,21.654501,16.3045,18.9795
2023-07-16 23:00:00+00:00,21.2045,13.8545,17.5295
2023-07-17 23:00:00+00:00,24.4545,12.0045,18.2295
2023-07-18 23:00:00+00:00,20.7045,14.9045,17.8045
2023-07-19 23:00:00+00:00,21.8545,13.9045,17.8795
2023-07-20 23:00:00+00:00,20.904501,12.9545,16.9295
2023-07-21 23:00:00+00:00,20.6045,12.6045,16.6045
2023-07-22 23:00:00+00:00,21.5545,15.5045,18.529501
2023-07-23 23:00:00+00:00,21.0045,13.6045,17.3045
2023-07-24 23:00:00+00:00,18.8545,12.4045,15.629499
2023-07-25 23:00:00+00:00,20.8545,11.8545,16.3545
2023-07-26 23:00:00+00:00,19.0045,15.3545,17.1795
2023-07-27 23:00:00+00:00,23.3045,17.2045,20.254501
2023-07-28 23:00:00+00:00,22.5045,15.6545,19.0795
2023-07-29 23:00:00+00:00,21.3545,13.804501,17.5795
2023-07-30 23:00:00+00:00,19.404501,15.6545,17.529501
2023-07-31 23:00:00+00:00,19.6045,14.4545,17.0295
2023-08-01 23:00:00+00:00,22.3545,14.9045,18.6295
2023-08-02 23:00:00+00:00,18.2045,13.8545,16.0295
2023-08-03 23:00:00+00:00,19.8045,13.2545,16.529501
2023-08-04 23:00:00+00:00,17.2045,12.304501,14.7545
2023-08-05 23:00:00+00:00,15.7045,13.3545,14.5295
2023-08-06 23:00:00+00:00,18.404501,13.1045,15.7545
2023-08-07 23:00:00+00:00,18.3545,13.054501,15.7045
2023-08-08 23:00:00+00:00,20.2545,13.9545,17.1045
2023-08-09 23:00:00+00:00,23.3045,12.554501,17.9295
2023-08-10 23:00:00+00:00,25.8545,14.4545,20.1545
2023-08-11 23:00:00+00:00,22.8045,17.3545,20.0795
2023-08-12 23:00:00+00:00,21.7045,15.5045,18.6045
2023-08-13 23:00:00+00:00,25.5045,13.054501,19.2795
2023-08-14 23:00:00+00:00,23.3045,15.7545,19.529501
2023-08-15 23:00:00+00:00,23.404501,15.2045,19.3045
2023-08-16 23:00:00+00:00,21.3545,16.904501,19.129501
2023-08-17 23:00:00+00:00,25.5045,17.5045,21.5045
2023-08-18 23:00:00+00:00,25.7045,18.5045,22.1045
2023-08-19 23:00:00+00:00,25.7545,16.5045,21.1295
2023-08-20 23:00:00+00:00,25.404501,17.154501,21.279501
2023-08-21 23:00:00+00:00,23.3545,14.7045,19.0295
2023-08-22 23:00:00+00:00,25.5545,14.0045,19.779501
2023-08-23 23:00:00+00:00,25.2045,17.4545,21.3295
2023-08-24 23:00:00+00:00,22.3545,15.9045,19.1295
2023-08-25 23:00:00+00:00,19.904501,13.304501,16.6045
2023-08-26 23:00:00+00:00,18.654501,12.804501,15.729501
2023-08-27 23:00:00+00:00,19.4545,12.2045,15.8295
2023-08-28 23:00:00+00:00,19.4545,11.6045,15.5295
2023-08-29 23:00:00+00:00,18.2045,11.8545,15.0295
2023-08-30 23:00:00+00:00,19.5045,11.4545,15.4795
2023-08-31 23:00:00+00:00,21.8545,13.1545,17.5045
2023-09-01 23:00:00+00:00,22.904501,13.9545,18.4295
2023-09-02 23:00:00+00:00,23.7045,13.1045,18.4045
2023-09-03 23:00:00+00:00,25.5545,12.554501,19.0545
2023-09-04 23:00:00+00:00,28.7045,15.2045,21.9545
2023-09-05 23:00:00+00:00,29.154501,15.8545,22.504501
2023-09-06 23:00:00+00:00,28.5045,15.1545,21.8295
2023-09-07 23:00:00+00:00,29.3045,16.2545,22.7795
2023-09-08 23:00:00+00:00,29.404501,16.8545,23.129501
2023-09-09 23:00:00+00:00,31.2045,19.0045,25.1045
2023-09-10 23:00:00+00:00,26.7545,19.1045,22.9295
2023-09-11 23:00:00+00:00,24.7045,17.2545,20.9795
2023-09-12 23:00:00+00:00,20.6045,14.5045,17.5545
2023-09-13 23:00:00+00:00,21.3545,11.1045,16.2295
2023-09-14 23:00:00+00:00,23.154501,10.9545,17.0545
2023-09-15 23:00:00+00:00,24.8545,12.9545,18.9045
2023-09-16 23:00:00+00:00,22.3045,16.8045,19.5545
2023-09-17 23:00:00+00:00,22.6045,15.7545,19.1795
2023-09-18 23:00:00+00:00,19.9545,14.5045,17.2295
2023-09-19 23:00:00+00:00,21.154501,16.3545,18.754501
2023-09-20 23:00:00+00:00,21.154501,13.054501,17.1045
2023-09-21 23:00:00+00:00,16.404501,11.4545,13.929501
2023-09-22 23:00:00+00:00,16.5045,10.3545,13.4295
2023-09-23 23:00:00+00:00,19.0045,8.9545,13.9795
2023-09-24 23:00:00+00:00,20.3545,12.4545,16.4045
2023-09-25 23:00:00+00:00,22.4545,11.8545,17.1545
2023-09-26 23:00:00+00:00,23.5045,12.4545,17.9795
2023-09-27 23:00:00+00:00,21.2545,14.4545,17.8545
2023-09-28 23:00:00+00:00,20.5545,11.9545,16.254501
2023-09-29 23:00:00+00:00,18.4545,11.5045,14.9795
2023-09-30 23:00:00+00:00,22.904501,12.9045,17.904501
2023-10-01 23:00:00+00:00,24.8045,15.054501,19.9295
2023-10-02 23:00:00+00:00,21.6045,13.8545,17.7295
2023-10-03 23:00:00+00:00,17.0045,11.054501,14.0295
2023-10-04 23:00:00+00:00,18.154501,12.4545,15.304501
2023-10-05 23:00:00+00:00,20.2545,11.1545,15.7045
2023-10-06 23:00:00+00:00,21.9545,13.4045,17.6795
2023-10-07 23:00:00+00:00,21.4545,13.3545,17.4045
2023-10-08 23:00:00+00:00,20.9545,13.2045,17.0795
2023-10-09 23:00:00+00:00,22.5545,11.9045,17.2295
2023-10-10 23:00:00+00:00,21.4545,14.3545,17.9045
2023-10-11 23:00:00+00:00,17.8045,14.9045,16.3545
2023-10-12 23:00:00+00:00,23.1045,16.7045,19.9045
2023-10-13 23:00:00+00:00,16.4545,8.304501,12.3795
2023-10-14 23:00:00+00:00,10.8545,5.2045,8.0295
2023-10-15 23:00:00+00:00,12.304501,3.9545,8.1295
2023-10-16 23:00:00+00:00,13.054501,7.0545,10.054501
2023-10-17 23:00:00+00:00,16.4545,6.4545,11.4545
2023-10-18 23:00:00+00:00,18.5045,14.3545,16.4295
2023-10-19 23:00:00+00:00,15.1545,12.7045,13.929501
2023-10-20 23:00:00+00:00,14.9045,12.4545,13.679501
2023-10-21 23:00:00+00:00,14.6045,9.9045,12.254499
2023-10-22 23:00:00+00:00,13.2545,6.1045003,9.679501
2023-10-23 23:00:00+00:00,13.804501,8.9045,11.3545
2023-10-24 23:00:00+00:00,11.7545,8.9045,10.3295
2023-10-25 23:00:00+00:00,12.304501,5.7045,9.0045
2023-10-26 23:00:00+00:00,13.1045,9.8545,11.4795
2023-10-27 23:00:00+00:00,14.4045,9.2545,11.8295
2023-10-28 23:00:00+00:00,15.2545,11.8545,13.554501
2023-10-29 23:00:00+00:00,14.0045,9.9545,11.9795
2023-10-30 23:00:00+00:00,12.8545,8.4045,10.629499
2023-10-31 23:00:00+00:00,14.554501,9.8545,12.2045
2023-11-01 23:00:00+00:00,12.9045,8.8545,10.879499
2023-11-02 23:00:00+00:00,11.554501,7.3545003,9.4545
2023-11-03 23:00:00+00:00,11.554501,7.3545003,9.4545
2023-11-04 23:00:00+00:00,11.5045,8.7545,10.1295
2023-11-05 23:00:00+00:00,11.4045,8.2545,9.8295
2023-11-06 23:00:00+00:00,11.2545,6.8045,9.0295
2023-11-07 23:00:00+00:00,11.0045,7.1545,9.0795
2023-11-08 23:00:00+00:00,11.7045,7.5045004,9.6045
2023-11-09 23:00:00+00:00,9.3545,6.4045,7.8795
2023-11-10 23:00:00+00:00,9.054501,4.8545003,6.9545
2023-11-11 23:00:00+00:00,8.3545,2.4545,5.4045
2023-11-12 23:00:00+00:00,15.2545,6.3045,10.7795
2023-11-13 23:00:00+00:00,12.0045,9.7545,10.8795
2023-11-14 23:00:00+00:00,12.054501,7.5045004,9.779501
2023-11-15 23:00:00+00:00,8.2045,4.4545,6.3295
2023-11-16 23:00:00+00:00,8.4545,4.3545003,6.4045
2023-11-17 23:00:00+00:00,13.2045,4.9545,9.0795
2023-11-18 23:00:00+00:00,13.804501,11.054501,12.429501
2023-11-19 23:00:00+00:00,11.1545,4.9045,8.0295
2023-11-20 23:00:00+00:00,11.304501,5.4045,8.3545
2023-11-21 23:00:00+00:00,7.3045,1.2045,4.2545
2023-11-22 23:00:00+00:00,11.554501,7.8045,9.679501
2023-11-23 23:00:00+00:00,11.2045,4.7545004,7.9795003
2023-11-24 23:00:00+00:00,7.1545,3.4545,5.3045
2023-11-25 23:00:00+00:00,6.5045004,4.2545004,5.3795004
2023-11-26 23:00:00+00:00,7.7045,2.6045,5.1545
2023-11-27 23:00:00+00:00,3.1545,-0.09550001,1.5295
2023-11-28 23:00:00+00:00,4.5545,-0.8455,1.8545
2023-11-29 23:00:00+00:00,3.0045,-2.2955,0.35449994
2023-11-30 23:00:00+00:00,1.1545,-2.3455,-0.5955
2023-12-01 23:00:00+00:00,1.2045,-4.7955,-1.7954999
2023-12-02 23:00:00+00:00,3.2045,-1.7955,0.70449996
2023-12-03 23:00:00+00:00,5.4045,2.2045,3.8045
2023-12-04 23:00:00+00:00,5.6045003,2.8044999,4.2045
2023-12-05 23:00:00+00:00,6.6545,0.3545,3.5045
2023-12-06 23:00:00+00:00,5.1045003,-0.74549997,2.1795
2023-12-07 23:00:00+00:00,8.6545,3.2045,5.9295
2023-12-08 23:00:00+00:00,11.5045,5.6545,8.5795
2023-12-09 23:00:00+00:00,11.2045,7.9545,9.5795
2023-12-10 23:00:00+00:00,10.554501,5.5545,8.054501
2023-12-11 23:00:00+00:00,11.054501,5.1545,8.1045
2023-12-12 23:00:00+00:00,8.8545,5.8545003,7.3545
2023-12-13 23:00:00+00:00,7.1545,4.7045,5.9295
2023-12-14 23:00:00+00:00,9.1045,3.5045,6.3044996
2023-12-15 23:00:00+00:00,9.7045,3.0045,6.3545
2023-12-16 23:00:00+00:00,9.1545,4.0545,6.6045
2023-12-17 23:00:00+00:00,5.2045,3.5544999,4.3795
2023-12-18 23:00:00+00:00,8.804501,4.9545,6.8795004
2023-12-19 23:00:00+00:00,9.1545,5.4545,7.3045
2023-12-20 23:00:00+00:00,12.2045,7.9545,10.0795
2023-12-21 23:00:00+00:00,9.7045,7.3545003,8.5295
2023-12-22 23:00:00+00:00,10.4045,8.2045,9.304501
2023-12-23 23:00:00+00:00,11.9545,9.4545,10.7045
2023-12-24 23:00:00+00:00,11.9045,10.9045,11.4045
2023-12-25 23:00:00+00:00,10.9545,6.1545,8.554501
2023-12-26 23:00:00+00:00,10.304501,4.5545,7.4295006
2023-12-27 23:00:00+00:00,11.2045,9.2045,10.2045
2023-12-28 23:00:00+00:00,11.2045,7.6045003,9.4045
2023-12-29 23:00:00+00:00,10.3545,6.5045004,8.429501
2023-12-30 23:00:00+00:00,10.304501,7.8545003,9.0795
2023-12-31 23:00:00+00:00,8.7545,6.2545004,7.5045004
2024-01-01 23:00:00+00:00,11.9545,7.7545004,9.8545
2024-01-02 23:00:00+00:00,10.2545,7.6045003,8.929501
2024-01-03 23:00:00+00:00,8.9545,6.8545003,7.9045
2024-01-04 23:00:00+00:00,9.554501,6.0545,7.8045006
2024-01-05 23:00:00+00:00,6.6045003,2.8545,4.7295003
2024-01-06 23:00:00+00:00,3.2545,-2.5455,0.35449994
2024-01-07 23:00:00+00:00,-0.4955,-4.1955,-2.3455
2024-01-08 23:00:00+00:00,-0.5955,-5.3954997,-2.9954998
2024-01-09 23:00:00+00:00,-0.44550002,-5.4954996,-2.9704998
2024-01-10 23:00:00+00:00,0.6045,-5.9455,-2.6705
2024-01-11 23:00:00+00:00,4.0545,-0.8955,1.5795001
2024-01-12 23:00:00+00:00,4.4045,1.8045,3.1045
2024-01-13 23:00:00+00:00,1.8045,0.50450003,1.1545
2024-01-14 23:00:00+00:00,3.0045,-0.045500003,1.4794999
2024-01-15 23:00:00+00:00,1.5545,-2.6955001,-0.5705001
2024-01-16 23:00:00+00:00,-0.2955,-3.3955,-1.8455
2024-01-17 23:00:00+00:00,3.9045,-3.9955,-0.04550004
2024-01-18 23:00:00+00:00,3.1545,-2.9955,0.07949996
2024-01-19 23:00:00+00:00,0.15450001,-3.6455,-1.7455
2024-01-20 23:00:00+00:00,7.4045,-1.3455,3.0295
2024-01-21 23:00:00+00:00,10.9545,7.5045004,9.2295
2024-01-22 23:00:00+00:00,12.6545,3.2545,7.9545
2024-01-23 23:00:00+00:00,13.0045,8.6545,10.8295
2024-01-24 23:00:00+00:00,10.1045,2.7045,6.4045
2024-01-25 23:00:00+00:00,11.2545,2.2545,6.7545004
2024-01-26 23:00:00+00:00,6.8045,0.2545,3.5295
2024-01-27 23:00:00+00:00,12.0045,-0.5455,5.7295003
2024-01-28 23:00:00+00:00,11.4045,4.4545,7.9295
2024-01-29 23:00:00+00:00,10.7545,6.6545,8.7045
2024-01-30 23:00:00+00:00,8.1545,4.1045003,6.1295004
2024-01-31 23:00:00+00:00,9.4545,2.6545,6.0545
2024-02-01 23:00:00+00:00,10.0045,2.8044999,6.4045
2024-02-02 23:00:00+00:00,11.1045,8.7045,9.9045
2024-02-03 23:00:00+00:00,11.2545,10.054501,10.654501
2024-02-04 23:00:00+00:00,10.9045,7.7045,9.304501
2024-02-05 23:00:00+00:00,11.2545,8.8545,10.054501
2024-02-06 23:00:00+00:00,10.2545,2.3044999,6.2795
2024-02-07 23:00:00+00:00,11.554501,1.5044999,6.5295
2024-02-08 23:00:00+00:00,13.4545,9.5045,11.4795
2024-02-09 23:00:00+00:00,12.9545,7.5545,10.2545
2024-02-10 23:00:00+00:00,10.1545,6.0045004,8.0795
2024-02-11 23:00:00+00:00,9.4545,3.3044999,6.3795
2024-02-12 23:00:00+00:00,9.8545,2.7545,6.3044996
2024-02-13 23:00:00+00:00,12.1545,8.7545,10.4545
2024-02-14 23:00:00+00:00,16.654501,10.7045,13.679501
2024-02-15 23:00:00+00:00,13.0045,9.054501,11.029501
2024-02-16 23:00:00+00:00,13.1545,5.9045,9.5295
2024-02-17 23:00:00+00:00,11.3545,8.2045,9.7795
2024-02-18 23:00:00+00:00,10.4545,5.7545004,8.1045
2024-02-19 23:00:00+00:00,10.6045,5.1545,7.8795
2024-02-20 23:00:00+00:00,10.7045,8.304501,9.5045
2024-02-21 23:00:00+00:00,14.3545,4.6545,9.504499
2024-02-22 23:00:00+00:00,8.304501,3.7545,6.0295
2024-02-23 23:00:00+00:00,6.9545,2.7545,4.8545
2024-02-24 23:00:00+00:00,9.7545,4.4045,7.0795
2024-02-25 23:00:00+00:00,6.8045,4.5045004,5.6545
2024-02-26 23:00:00+00:00,9.2545,1.2544999,5.2545004
2024-02-27 23:00:00+00:00,9.4545,0.40449998,4.9295
2024-02-28 23:00:00+00:00,9.3545,6.4545,7.9045
2024-02-29 23:00:00+00:00,9.4545,3.9545,6.7045
2024-03-01 23:00:00+00:00,11.6045,4.1545,7.8795
2024-03-02 23:00:00+00:00,10.8545,5.7045,8.2795
2024-03-03 23:00:00+00:00,10.6545,2.9045,6.7795
2024-03-04 23:00:00+00:00,8.554501,1.7544999,5.1545
2024-03-05 23:00:00+00:00,11.0045,0.15450001,5.5795
2024-03-06 23:00:00+00:00,9.9545,2.4545,6.2045
2024-03-07 23:00:00+00:00,11.1545,1.5044999,6.3295
2024-03-08 23:00:00+00:00,14.4545,5.4545,9.9545
2024-03-09 23:00:00+00:00,11.3545,7.4045,9.379499
2024-03-10 23:00:00+00:00,8.554501,7.2045,7.8795004
2024-03-11 23:00:00+00:00,10.7045,6.0545,8.3795
2024-03-12 23:00:00+00:00,13.5045,10.054501,11.779501
2024-03-13 23:00:00+00:00,16.8545,7.5545,12.2045
2024-03-14 23:00:00+00:00,14.804501,10.1545,12.4795
2024-03-15 23:00:00+00:00,10.804501,6.3045,8.554501
2024-03-16 23:00:00+00:00,14.2545,6.5045004,10.3795
2024-03-17 23:00:00+00:00,14.2045,8.2045,11.2045
2024-03-18 23:00:00+00:00,16.5045,6.7045,11.6045
2024-03-19 23:00:00+00:00,17.154501,6.1045003,11.6295
2024-03-20 23:00:00+00:00,12.2545,7.5545,9.9045
2024-03-21 23:00:00+00:00,12.0045,8.7545,10.3795
2024-03-22 23:00:00+00:00,8.9545,4.2045,6.5795
2024-03-23 23:00:00+00:00,9.1045,3.5544999,6.3294997
2024-03-24 23:00:00+00:00,11.7545,1.8544999,6.8045
2024-03-25 23:00:00+00:00,14.7545,4.0545,9.4045
2024-03-26 23:00:00+00:00,12.054501,6.2545004,9.154501
2024-03-27 23:00:00+00:00,11.5045,6.3045,8.9045
2024-03-28 23:00:00+00:00,14.554501,7.6045003,11.0795
2024-03-29 23:00:00+00:00,10.804501,5.6045003,8.2045
2024-03-30 23:00:00+00:00,15.8545,5.4545,10.6545
2024-03-31 23:00:00+00:00,13.6045,7.1045003,10.3545
2024-04-01 23:00:00+00:00,12.3545,7.1545,9.754499
2024-04-02 23:00:00+00:00,14.5045,9.4545,11.9795
2024-04-03 23:00:00+00:00,14.9545,9.054501,12.0045
2024-04-04 23:00:00+00:00,17.9545,11.8545,14.9045
2024-04-05 23:00:00+00:00,23.4545,13.3545,18.4045
2024-04-06 23:00:00+00:00,19.2045,13.2045,16.2045
2024-04-07 23:00:00+00:00,19.9545,10.5045,15.2295
2024-04-08 23:00:00+00:00,13.7545,9.0045,11.3795
2024-04-09 23:00:00+00:00,15.304501,6.0045004,10.654501
2024-04-10 23:00:00+00:00,15.7045,10.6545,13.179501
2024-04-11 23:00:00+00:00,20.404501,11.6545,16.029501
2024-04-12 23:00:00+00:00,22.2545,11.6045,16.9295
2024-04-13 23:00:00+00:00,15.2545,9.7045,12.4795
2024-04-14 23:00:00+00:00,10.9545,5.8545003,8.4045
2024-04-15 23:00:00+00:00,11.1045,5.3545003,8.2295
2024-04-16 23:00:00+00:00,9.1045,3.4045,6.2545
2024-04-17 23:00:00+00:00,11.054501,2.7045,6.8795004
2024-04-18 23:00:00+00:00,11.6045,6.5545,9.0795
2024-04-19 23:00:00+00:00,9.304501,4.6545,6.9795003
2024-04-20 23:00:00+00:00,9.9045,4.2545004,7.0795
2024-04-21 23:00:00+00:00,9.3545,2.8044999,6.0794997
2024-04-22 23:00:00+00:00,10.4045,0.15450001,5.2795
2024-04-23 23:00:00+00:00,9.6045,3.9545,6.7795
2024-04-24 23:00:00+00:00,9.6045,2.8044999,6.2044997
2024-04-25 23:00:00+00:00,11.0045,6.8045,8.9045
2024-04-26 23:00:00+00:00,16.0545,6.4545,11.2545
2024-04-27 23:00:00+00:00,15.0045,8.804501,11.904501
2024-04-28 23:00:00+00:00,18.0045,6.2545004,12.129499
2024-04-29 23:00:00+00:00,20.5045,11.1045,15.8045
2024-04-30 23:00:00+00:00,22.904501,12.5045,17.7045
2024-05-01 23:00:00+00:00,21.5545,12.4045,16.9795
2024-05-02 23:00:00+00:00,14.9045,8.554501,11.7295
2024-05-03 23:00:00+00:00,15.1545,7.3545003,11.2545
2024-05-04 23:00:00+00:00,17.4545,7.5045004,12.4795
2024-05-05 23:00:00+00:00,17.6045,9.6045,13.6045
2024-05-06 23:00:00+00:00,18.654501,10.054501,14.354501
2024-05-07 23:00:00+00:00,14.2045,9.3545,11.7795
2024-05-08 23:00:00+00:00,18.1045,7.4545,12.7795
2024-05-09 23:00:00+00:00,20.5045,8.6545,14.5795
2024-05-10 23:00:00+00:00,22.8545,11.554501,17.2045
2024-05-11 23:00:00+00:00,25.0045,12.3545,18.6795
2024-05-12 23:00:00+00:00,22.0045,14.4045,18.2045
2024-05-13 23:00:00+00:00,23.7045,15.1045,19.4045
2024-05-14 23:00:00+00:00,17.2045,14.054501,15.6295
2024-05-15 23:00:00+00:00,17.5045,12.304501,14.9045
2024-05-16 23:00:00+00:00,18.154501,11.304501,14.729501
2024-05-17 23:00:00+00:00,21.1045,11.9545,16.5295
2024-05-18 23:00:00+00:00,21.0545,10.5045,15.779501
2024-05-19 23:00:00+00:00,18.5545,11.9545,15.2545
2024-05-20 23:00:00+00:00,19.8545,12.2545,16.0545
2024-05-21 23:00:00+00:00,19.0045,11.804501,15.4045
2024-05-22 23:00:00+00:00,18.9545,11.7045,15.3295
2024-05-23 23:00:00+00:00,16.9545,11.2545,14.1045
2024-05-24 23:00:00+00:00,17.0545,12.304501,14.679501
2024-05-25 23:00:00+00:00,21.1045,12.1045,16.6045
2024-05-26 23:00:00+00:00,18.0545,11.4045,14.7295
2024-05-27 23:00:00+00:00,17.8545,8.9545,13.4045
2024-05-28 23:00:00+00:00,18.654501,11.8545,15.2545
2024-05-29 23:00:00+00:00,17.0045,10.304501,13.6545
2024-05-30 23:00:00+00:00,17.154501,12.4545,14.804501
2024-05-31 23:00:00+00:00,17.3045,12.9045,15.1045
2024-06-01 23:00:00+00:00,17.2045,11.4045,14.304501
2024-06-02 23:00:00+00:00,17.3045,8.4045,12.8545
2024-06-03 23:00:00+00:00,19.9545,10.9045,15.429501
2024-06-04 23:00:00+00:00,16.5545,10.054501,13.304501
2024-06-05 23:00:00+00:00,16.7545,7.3045,12.0295
2024-06-06 23:00:00+00:00,18.654501,7.3545003,13.0045
2024-06-07 23:00:00+00:00,17.6045,8.304501,12.9545
2024-06-08 23:00:00+00:00,17.0545,7.9545,12.5045
2024-06-09 23:00:00+00:00,12.5045,9.6545,11.0795
2024-06-10 23:00:00+00:00,14.7045,8.0045,11.3545
2024-06-11 23:00:00+00:00,14.1545,7.9545,11.054501
2024-06-12 23:00:00+00:00,18.2045,8.1045,13.1545
2024-06-13 23:00:00+00:00,18.2045,12.7045,15.4545
2024-06-14 23:00:00+00:00,17.7045,11.4045,14.554501
2024-06-15 23:00:00+00:00,18.0045,11.554501,14.7795
2024-06-16 23:00:00+00:00,19.8545,11.4545,15.6545
2024-06-17 23:00:00+00:00,17.904501,12.4545,15.179501
2024-06-18 23:00:00+00:00,20.3045,13.054501,16.6795
2024-06-19 23:00:00+00:00,20.7045,12.0045,16.3545
2024-06-20 23:00:00+00:00,19.654501,13.6545,16.654501
2024-06-21 23:00:00+00:00,19.0045,12.7045,15.8545
2024-06-22 23:00:00+00:00,22.904501,11.8545,17.379501
2024-06-23 23:00:00+00:00,24.654501,12.6545,18.654501
2024-06-24 23:00:00+00:00,27.6045,15.5045,21.5545
2024-06-25 23:00:00+00:00,28.154501,16.9545,22.5545
2024-06-26 23:00:00+00:00,28.0045,17.7545,22.8795
2024-06-27 23:00:00+00:00,20.5545,13.1545,16.8545
2024-06-28 23:00:00+00:00,24.7045,12.554501,18.629501
2024-06-29 23:00:00+00:00,20.9545,14.9545,17.9545
2024-06-30 23:00:00+00:00,19.7545,11.804501,15.7795
2024-07-01 23:00:00+00:00,17.1045,13.0045,15.054501
2024-07-02 23:00:00+00:00,17.3045,11.4045,14.3545
2024-07-03 23:00:00+00:00,18.7045,13.6045,16.1545
2024-07-04 23:00:00+00:00,19.7545,13.554501,16.6545
2024-07-05 23:00:00+00:00,19.2545,13.2545,16.2545
2024-07-06 23:00:00+00:00,18.3545,10.9045,14.629499
2024-07-07 23:00:00+00:00,19.6045,12.5045,16.0545
2024-07-08 23:00:00+00:00,27.2545,14.304501,20.7795
2024-07-09 23:00:00+00:00,23.0045,15.1545,19.0795
2024-07-10 23:00:00+00:00,21.1045,13.554501,17.3295
2024-07-11 23:00:00+00:00,16.1045,12.6045,14.3545
2024-07-12 23:00:00+00:00,17.0545,11.7545,14.404501
2024-07-13 23:00:00+00:00,21.0545,10.804501,15.929501
2024-07-14 23:00:00+00:00,24.6045,11.6545,18.1295
2024-07-15 23:00:00+00:00,19.9545,14.9045,17.4295
2024-07-16 23:00:00+00:00,22.8045,14.054501,18.4295
2024-07-17 23:00:00+00:00,26.4545,13.6545,20.0545
2024-07-18 23:00:00+00:00,28.7045,16.5545,22.629501
2024-07-19 23:00:00+00:00,28.6045,16.9545,22.7795
2024-07-20 23:00:00+00:00,23.6045,18.3545,20.9795
2024-07-21 23:00:00+00:00,22.5045,16.6045,19.5545
2024-07-22 23:00:00+00:00,22.654501,14.9545,18.8045
2024-07-23 23:00:00+00:00,22.154501,14.2045,18.1795
2024-07-24 23:00:00+00:00,24.7545,15.054501,19.9045
2024-07-25 23:00:00+00:00,22.8045,17.0045,19.9045
2024-07-26 23:00:00+00:00,21.7545,15.7045,18.7295
2024-07-27 23:00:00+00:00,22.6045,13.4545,18.0295
2024-07-28 23:00:00+00:00,26.3045,13.7545,20.029501
2024-07-29 23:00:00+00:00,29.6045,16.3045,22.9545
2024-07-30 23:00:00+00:00,25.4545,19.1045,22.2795
2024-07-31 23:00:00+00:00,23.654501,18.5045,21.0795
2024-08-01 23:00:00+00:00,25.154501,16.7045,20.9295
2024-08-02 23:00:00+00:00,23.6045,15.804501,19.7045
2024-08-03 23:00:00+00:00,20.5045,17.154501,18.8295
2024-08-04 23:00:00+00:00,23.8545,14.2545,19.0545
2024-08-05 23:00:00+00:00,27.404501,15.7045,21.5545
2024-08-06 23:00:00+00:00,22.8045,16.404501,19.6045
2024-08-07 23:00:00+00:00,22.9545,15.8545,19.4045
2024-08-08 23:00:00+00:00,23.8545,17.2545,20.5545
2024-08-09 23:00:00+00:00,24.154501,14.4545,19.3045
2024-08-10 23:00:00+00:00,26.5545,15.7545,21.154501
2024-08-11 23:00:00+00:00,32.054497,17.904501,24.9795
2024-08-12 23:00:00+00:00,27.4545,19.654501,23.5545
2024-08-13 23:00:00+00:00,23.5045,17.3545,20.4295
2024-08-14 23:00:00+00:00,24.3545,15.554501,19.9545
2024-08-15 23:00:00+00:00,20.904501,19.0045,19.9545
2024-08-16 23:00:00+00:00,23.654501,18.0045,20.8295
2024-08-17 23:00:00+00:00,22.8545,14.3545,18.6045
2024-08-18 23:00:00+00:00,22.1045,11.7545,16.9295
2024-08-19 23:00:00+00:00,24.7545,14.9545,19.8545
2024-08-20 23:00:00+00:00,19.5045,12.7545,16.1295
2024-08-21 23:00:00+00:00,22.8545,13.304501,18.0795
2024-08-22 23:00:00+00:00,22.3045,18.1045,20.2045
2024-08-23 23:00:00+00:00,27.1045,15.6045,21.3545
2024-08-24 23:00:00+00:00,19.4545,12.5045,15.9795
2024-08-25 23:00:00+00:00,21.2545,13.1545,17.2045
2024-08-26 23:00:00+00:00,23.654501,10.554501,17.1045
2024-08-27 23:00:00+00:00,27.8545,13.054501,20.4545
2024-08-28 23:00:00+00:00,24.2045,16.0545,20.129501
2024-08-29 23:00:00+00:00,20.8045,15.2045,18.004501
2024-08-30 23:00:00+00:00,25.7045,14.8545,20.2795
2024-08-31 23:00:00+00:00,29.9545,16.9545,23.4545
2024-09-01 23:00:00+00:00,26.9545,17.7045,22.3295
2024-09-02 23:00:00+00:00,21.5545,17.3045,19.4295
2024-09-03 23:00:00+00:00,21.4545,15.2545,18.3545
2024-09-04 23:00:00+00:00,24.2545,15.554501,19.9045
2024-09-05 23:00:00+00:00,20.154501,16.154501,18.154501
2024-09-06 23:00:00+00:00,26.0545,13.5045,19.779501
2024-09-07 23:00:00+00:00,20.3045,15.554501,17.9295
2024-09-08 23:00:00+00:00,20.3545,14.4045,17.3795
2024-09-09 23:00:00+00:00,17.2545,12.2545,14.754499
2024-09-10 23:00:00+00:00,14.8545,9.1045,11.9795
2024-09-11 23:00:00+00:00,14.3545,7.7045,11.0295
2024-09-12 23:00:00+00:00,16.2045,6.5545,11.3795
2024-09-13 23:00:00+00:00,16.0045,8.1045,12.0545
2024-09-14 23:00:00+00:00,18.4545,7.6045003,13.0295
2024-09-15 23:00:00+00:00,18.904501,10.054501,14.479501
2024-09-16 23:00:00+00:00,20.0045,11.6545,15.8295
2024-09-17 23:00:00+00:00,21.7545,13.1545,17.4545
2024-09-18 23:00:00+00:00,23.2045,14.4045,18.8045
2024-09-19 23:00:00+00:00,22.654501,13.6545,18.154501
2024-09-20 23:00:00+00:00,23.5545,11.7545,17.654501
2024-09-21 23:00:00+00:00,22.3545,13.2045,17.7795
2024-09-22 23:00:00+00:00,19.3545,13.3545,16.3545
2024-09-23 23:00:00+00:00,18.1045,12.0045,15.054501
2024-09-24 23:00:00+00:00,18.0545,13.2545,15.654501
2024-09-25 23:00:00+00:00,19.1045,13.5045,16.3045
2024-09-26 23:00:00+00:00,14.3545,11.4045,12.879499
2024-09-27 23:00:00+00:00,13.0045,7.5545,10.2795
2024-09-28 23:00:00+00:00,13.8545,4.6545,9.254499
2024-09-29 23:00:00+00:00,16.0045,8.9545,12.4795
2024-09-30 23:00:00+00:00,15.9045,9.8545,12.879499
2024-10-01 23:00:00+00:00,14.804501,6.9045,10.8545
2024-10-02 23:00:00+00:00,14.1045,6.8545003,10.4795
2024-10-03 23:00:00+00:00,14.3545,5.8045,10.0795
2024-10-04 23:00:00+00:00,15.1545,3.6545,9.4045
2024-10-05 23:00:00+00:00,16.7045,7.1045003,11.9045
2024-10-06 23:00:00+00:00,18.2545,12.5045,15.379499
2024-10-07 23:00:00+00:00,17.5045,13.7045,15.6045
2024-10-08 23:00:00+00:00,15.6045,13.1545,14.379499
2024-10-09 23:00:00+00:00,14.6045,9.7545,12.179501
2024-10-10 23:00:00+00:00,12.4545,6.2045,9.3295
2024-10-11 23:00:00+00:00,13.2045,5.1545,9.179501
2024-10-12 23:00:00+00:00,12.2545,7.2545004,9.7545
2024-10-13 23:00:00+00:00,9.8545,6.3045,8.0795
2024-10-14 23:00:00+00:00,15.9045,6.4045,11.1545
2024-10-15 23:00:00+00:00,21.2545,11.554501,16.4045
2024-10-16 23:00:00+00:00,19.8045,14.7045,17.254501
2024-10-17 23:00:00+00:00,17.7545,12.5045,15.129499
2024-10-18 23:00:00+00:00,15.9045,13.2545,14.5795
2024-10-19 23:00:00+00:00,18.154501,13.7045,15.929501
2024-10-20 23:00:00+00:00,17.7545,11.8545,14.8045
2024-10-21 23:00:00+00:00,15.5045,9.1545,12.3295
2024-10-22 23:00:00+00:00,16.3045,7.6045003,11.9545
2024-10-23 23:00:00+00:00,16.1045,6.1545,11.129499
2024-10-24 23:00:00+00:00,19.404501,11.2045,15.304501
2024-10-25 23:00:00+00:00,20.2045,10.4045,15.304501
2024-10-26 23:00:00+00:00,16.3045,9.2545,12.779501
2024-10-27 23:00:00+00:00,15.2045,7.5045004,11.3545
2024-10-28 23:00:00+00:00,13.6045,11.7045,12.6545
2024-10-29 23:00:00+00:00,14.4045,10.554501,12.4795
2024-10-30 23:00:00+00:00,14.5045,7.2545004,10.8795
2024-10-31 23:00:00+00:00,13.0045,8.0045,10.5045
2024-11-01 23:00:00+00:00,12.6545,9.6545,11.1545
2024-11-02 23:00:00+00:00,12.5045,4.8545003,8.679501
2024-11-03 23:00:00+00:00,10.2545,4.5045004,7.3795004
2024-11-04 23:00:00+00:00,10.6045,2.1545,6.3795
2024-11-05 23:00:00+00:00,10.4545,7.6045003,9.0295
2024-11-06 23:00:00+00:00,9.2045,4.4545,6.8295
2024-11-07 23:00:00+00:00,7.0045004,3.7045,5.3545003
2024-11-08 23:00:00+00:00,9.3545,5.4545,7.4045
2024-11-09 23:00:00+00:00,11.3545,7.3045,9.3295
2024-11-10 23:00:00+00:00,12.6045,6.4045,9.504499
2024-11-11 23:00:00+00:00,11.054501,5.8545003,8.4545
2024-11-12 23:00:00+00:00,10.554501,5.2545004,7.9045005
2024-11-13 23:00:00+00:00,11.554501,8.304501,9.929501
2024-11-14 23:00:00+00:00,10.7045,7.4045,9.054501
2024-11-15 23:00:00+00:00,8.9045,6.7545004,7.8295
2024-11-16 23:00:00+00:00,9.4045,4.9545,7.1795
2024-11-17 23:00:00+00:00,8.7045,6.1045003,7.4045
2024-11-18 23:00:00+00:00,11.054501,3.8044999,7.4295
2024-11-19 23:00:00+00:00,5.9045,1.7544999,3.8295
2024-11-20 23:00:00+00:00,3.0544999,-0.1455,1.4545
2024-11-21 23:00:00+00:00,5.1545,-0.045500003,2.5545
2024-11-22 23:00:00+00:00,10.054501,0.6545,5.3545003
2024-11-23 23:00:00+00:00,17.3545,9.6545,13.504499
2024-11-24 23:00:00+00:00,16.3545,7.9545,12.1545
2024-11-25 23:00:00+00:00,9.9045,6.0045004,7.9545
2024-11-26 23:00:00+00:00,11.9045,5.6045003,8.7545
2024-11-27 23:00:00+00:00,9.3545,3.1545,6.2545
2024-11-28 23:00:00+00:00,6.3045,0.4545,3.3795002
2024-11-29 23:00:00+00:00,6.7545004,1.2544999,4.0045004
2024-11-30 23:00:00+00:00,7.9545,1.8045,4.8795
2024-12-01 23:00:00+00:00,11.4045,6.7545004,9.0795
2024-12-02 23:00:00+00:00,7.7545004,3.7045,5.7295003
2024-12-03 23:00:00+00:00,6.4045,2.4045,4.4045
2024-12-04 23:00:00+00:00,10.804501,5.2545004,8.029501
2024-12-05 23:00:00+00:00,11.7545,5.5545,8.6545
2024-12-06 23:00:00+00:00,10.0045,6.1045003,8.054501
2024-12-07 23:00:00+00:00,7.3545003,4.3045,5.8295
2024-12-08 23:00:00+00:00,6.3045,4.7545004,5.5295
2024-12-09 23:00:00+00:00,6.0045004,4.6045003,5.3045006
2024-12-10 23:00:00+00:00,4.6045003,3.8044999,4.2045
2024-12-11 23:00:00+00:00,4.1045003,2.7545,3.4295
2024-12-12 23:00:00+00:00,3.2545,-1.3455,0.95449996
2024-12-13 23:00:00+00:00,5.0545,1.5044999,3.2795
2024-12-14 23:00:00+00:00,10.6045,2.9545,6.7795
2024-12-15 23:00:00+00:00,11.054501,8.8545,9.9545
2024-12-16 23:00:00+00:00,9.4045,6.2545004,7.8295
2024-12-17 23:00:00+00:00,12.9045,6.3545003,9.6295
2024-12-18 23:00:00+00:00,13.1045,3.6545,8.379499
2024-12-19 23:00:00+00:00,6.8545003,2.5045,4.6795
2024-12-20 23:00:00+00:00,10.4545,6.5545,8.5045
2024-12-21 23:00:00+00:00,8.3545,1.2544999,4.8044996
2024-12-22 23:00:00+00:00,6.7545004,3.7045,5.2295003
2024-12-23 23:00:00+00:00,8.1045,2.2545,5.1794996
2024-12-24 23:00:00+00:00,10.1045,8.054501,9.0795
2024-12-25 23:00:00+00:00,9.1045,5.7045,7.4045
2024-12-26 23:00:00+00:00,5.4045,1.2544999,3.3295
2024-12-27 23:00:00+00:00,3.2045,-0.34550002,1.4295
2024-12-28 23:00:00+00:00,3.9545,0.50450003,2.2295
2024-12-29 23:00:00+00:00,6.6545,3.8044999,5.2295
2024-12-30 23:00:00+00:00,6.9045,1.8045,4.3545
2024-12-31 23:00:00+00:00,9.0045,3.6545,6.3295
2025-01-01 23:00:00+00:00,5.6045003,1.6044999,3.6045
2025-01-02 23:00:00+00:00,3.4545,-0.2455,1.6044999
2025-01-03 23:00:00+00:00,2.3044999,-0.2955,1.0044999
2025-01-04 23:00:00+00:00,11.7545,0.6545,6.2045
2025-01-05 23:00:00+00:00,11.9545,4.6045003,8.2795
2025-01-06 23:00:00+00:00,4.0045004,1.6545,2.8295002
2025-01-07 23:00:00+00:00,3.4045,-0.2955,1.5545
2025-01-08 23:00:00+00:00,3.1045,0.3545,1.7295
2025-01-09 23:00:00+00:00,3.8545,-1.1955,1.3295
2025-01-10 23:00:00+00:00,2.0045,-1.9455,0.029499948
2025-01-11 23:00:00+00:00,4.8045,-0.045500003,2.3795002
2025-01-12 23:00:00+00:00,4.0045004,-2.2955,0.8545002
2025-01-13 23:00:00+00:00,3.4045,-2.2955,0.5545
2025-01-14 23:00:00+00:00,7.7045,3.6045,5.6545
2025-01-15 23:00:00+00:00,5.3045,-0.5955,2.3545
2025-01-16 23:00:00+00:00,1.5545,-1.3455,0.104499996
2025-01-17 23:00:00+00:00,0.2545,-2.6455,-1.1955
2025-01-18 23:00:00+00:00,0.004499998,-2.8955,-1.4455
2025-01-19 23:00:00+00:00,0.30449998,-1.2455001,-0.47050005
2025-01-20 23:00:00+00:00,0.75450003,-2.1955001,-0.72050005
2025-01-21 23:00:00+00:00,3.8044999,-0.34550002,1.7294999
2025-01-22 23:00:00+00:00,6.4045,1.9545,4.1795
2025-01-23 23:00:00+00:00,8.8545,5.7045,7.2795
2025-01-24 23:00:00+00:00,8.804501,3.6545,6.2295003
2025-01-25 23:00:00+00:00,9.3545,0.6545,5.0045
2025-01-26 23:00:00+00:00,10.7545,7.3045,9.0295
2025-01-27 23:00:00+00:00,9.2045,7.0045004,8.1045
2025-01-28 23:00:00+00:00,9.1045,5.4045,7.2545
2025-01-29 23:00:00+00:00,6.5045004,1.4045,3.9545002
2025-01-30 23:00:00+00:00,6.2045,0.75450003,3.4795
2025-01-31 23:00:00+00:00,5.3545003,-1.8955001,1.7295
2025-02-01 23:00:00+00:00,4.8545003,-2.4955,1.1795001
2025-02-02 23:00:00+00:00,5.4545,-2.3955,1.5295001
2025-02-03 23:00:00+00:00,5.0045004,1.2544999,3.1295002
2025-02-04 23:00:00+00:00,7.8045,1.1545,4.4795
2025-02-05 23:00:00+00:00,6.3545003,0.8545,3.6045
2025-02-06 23:00:00+00:00,5.1545,2.4045,3.7795
2025-02-07 23:00:00+00:00,10.8545,2.7045,6.7795
2025-02-08 23:00:00+00:00,6.3545003,3.1045,4.7295003
2025-02-09 23:00:00+00:00,3.6545,-0.045500003,1.8045
2025-02-10 23:00:00+00:00,4.3045,0.7045,2.5045002
2025-02-11 23:00:00+00:00,5.6045003,1.2045,3.4045
2025-02-12 23:00:00+00:00,2.5544999,-0.34550002,1.1044999
2025-02-13 23:00:00+00:00,2.8044999,-2.0955,0.35449994
2025-02-14 23:00:00+00:00,3.7045,-2.0455,0.82949996
2025-02-15 23:00:00+00:00,3.4045,-1.1455001,1.1294999
2025-02-16 23:00:00+00:00,3.7045,-3.3455,0.17949998
2025-02-17 23:00:00+00:00,4.2045,-3.3455,0.4295001
2025-02-18 23:00:00+00:00,6.2545004,-1.3955001,2.4295
2025-02-19 23:00:00+00:00,11.554501,2.7545,7.1545
2025-02-20 23:00:00+00:00,17.404501,10.5045,13.9545
2025-02-21 23:00:00+00:00,13.554501,7.7545004,10.654501
2025-02-22 23:00:00+00:00,14.0045,5.4545,9.7295
2025-02-23 23:00:00+00:00,11.6545,8.4545,10.054501
2025-02-24 23:00:00+00:00,11.7045,5.5045004,8.6045
2025-02-25 23:00:00+00:00,9.9045,3.3545,6.6295
2025-02-26 23:00:00+00:00,7.1045003,2.7545,4.9295
2025-02-27 23:00:00+00:00,7.9045,3.3545,5.6295
2025-02-28 23:00:00+00:00,6.9045,0.75450003,3.8295
2025-03-01 23:00:00+00:00,8.554501,-0.2955,4.1295004
2025-03-02 23:00:00+00:00,10.1045,-0.74549997,4.6795
2025-03-03 23:00:00+00:00,11.4545,-0.69549996,5.3795
2025-03-04 23:00:00+00:00,13.9045,0.2545,7.0795
2025-03-05 23:00:00+00:00,16.0545,3.9045,9.9795
2025-03-06 23:00:00+00:00,17.0045,6.2545004,11.629499
2025-03-07 23:00:00+00:00,18.0545,5.5545,11.804501
2025-03-08 23:00:00+00:00,17.904501,4.9545,11.429501
2025-03-09 23:00:00+00:00,16.3545,5.3545003,10.8545
2025-03-10 23:00:00+00:00,7.8545003,3.4545,5.6545
2025-03-11 23:00:00+00:00,8.2545,1.6044999,4.9295
2025-03-12 23:00:00+00:00,7.2545004,0.4545,3.8545003
2025-03-13 23:00:00+00:00,6.6545,0.004499998,3.3295
2025-03-14 23:00:00+00:00,6.5045004,-0.5955,2.9545002
2025-03-15 23:00:00+00:00,9.304501,0.55450004,4.9295
2025-03-16 23:00:00+00:00,9.7045,3.3545,6.5295
2025-03-17 23:00:00+00:00,10.4545,-0.44550002,5.0045
