Date,Grid Organi lbc (L1) [kW],Grid Organi lbc (L2) [kW],Grid Organi lbc (L3) [kW],Chargers (L1) [kW],Chargers (L2) [kW],Chargers (L3) [kW],Solar (L1) [kW],Solar (L2) [kW],Solar (L3) [kW],Chargers achteraan (L1) [kW],Chargers achteraan (L2) [kW],Chargers achteraan (L3) [kW]
2025-02-09 23:45:00,"5,551","4,132","4,805","0,035","0,033","0,021",0,"-0,006","-0,001","0,024","0,022","0,021"
2025-02-09 23:30:00,"5,676","4,146","4,799","0,036","0,034","0,02",0,"-0,006","-0,001","0,024","0,022","0,02"
2025-02-09 23:15:00,"5,886","4,223","4,876","0,036","0,034","0,02",0,"-0,006","-0,001","0,024","0,022","0,02"
2025-02-09 23:00:00,"5,827","4,214","4,824","0,036","0,033","0,021",0,"-0,006","-0,001","0,024","0,022","0,021"
2025-02-09 22:45:00,"5,629","4,164","4,777","0,036","0,034","0,02",0,"-0,006","-0,001","0,024","0,022","0,02"
2025-02-09 22:30:00,"5,529","4,14","4,755","0,036","0,033","0,02",0,"-0,006","-0,001","0,024","0,022","0,021"
2025-02-09 22:15:00,"5,586","4,235","4,845","0,036","0,034","0,02",0,"-0,006","-0,001","0,024","0,023","0,02"
2025-02-09 22:00:00,"5,584","4,245","4,87","0,036","0,032","0,02",0,"-0,006","-0,001","0,024","0,022","0,021"
2025-02-09 21:45:00,"5,822","4,168","4,792","0,036","0,033","0,021",0,"-0,006","-0,001","0,024","0,022","0,021"
2025-02-09 21:30:00,"5,965","4,162","4,792","0,036","0,034","0,02",0,"-0,006","-0,001","0,024","0,022","0,02"
2025-02-09 21:15:00,"5,898","4,17","4,797","0,036","0,034","0,02",0,"-0,006","-0,001","0,024","0,023","0,02"
2025-02-09 21:00:00,"6,376","4,211","4,848","0,036","0,034","0,02",0,"-0,006","-0,001","0,024","0,023","0,02"
2025-02-09 20:45:00,"5,764","4,176","4,837","0,036","0,034","0,019",0,"-0,006","-0,001","0,024","0,023","0,02"
2025-02-09 20:30:00,"5,684","4,163","4,848","0,036","0,034","0,02",0,"-0,006","-0,001","0,024","0,023","0,02"
2025-02-09 20:15:00,"5,72","4,175","4,843","0,036","0,034","0,02",0,"-0,006","-0,001","0,024","0,023","0,02"
2025-02-09 20:00:00,"5,9","4,225","4,866","0,036","0,034","0,02",0,"-0,006","-0,001","0,024","0,023","0,02"
2025-02-09 19:45:00,"5,892","4,213","4,84","0,036","0,034","0,019",0,"-0,006","-0,001","0,024","0,023","0,02"
2025-02-09 19:30:00,"5,854","4,197","4,824","0,036","0,033","0,02",0,"-0,006","-0,001","0,024","0,022","0,02"
2025-02-09 19:15:00,"5,768","4,146","4,781","0,036","0,034","0,02",0,"-0,006","-0,001","0,024","0,023","0,02"
2025-02-09 19:00:00,"5,595","4,15","4,784","0,036","0,034","0,02",0,"-0,006","-0,001","0,024","0,023","0,02"
2025-02-09 18:45:00,"5,714","4,177","4,808","0,036","0,034","0,019",0,"-0,006","-0,001","0,024","0,023","0,02"
2025-02-09 18:30:00,"5,834","4,187","4,805","0,036","0,034","0,019",0,"-0,006","-0,001","0,024","0,023","0,02"
2025-02-09 18:15:00,"5,887","4,22","4,834","0,036","0,033","0,02",0,"-0,006","-0,001","0,024","0,022","0,02"
2025-02-09 18:00:00,"5,79","4,156","4,806","0,037","0,034","0,019","-0,001","-0,007","-0,001","0,025","0,023","0,02"
2025-02-09 17:45:00,"5,613","4,136","4,761","0,037","0,033","0,02","0,001","-0,005",0,"0,025","0,022","0,02"
2025-02-09 17:30:00,"6,012","4,186","4,844","0,036","0,033","0,02","0,026","0,024","0,03","0,024","0,022","0,02"
2025-02-09 17:15:00,"5,462","4,116","4,794","0,036","0,033","0,02","0,106","0,105","0,111","0,024","0,022","0,02"
2025-02-09 17:00:00,"5,447","3,988","4,685","0,036","0,034","0,02","0,2","0,2","0,204","0,024","0,023","0,02"
2025-02-09 16:45:00,"4,97","4,004","4,616","0,036","0,034","0,02","0,223","0,222","0,227","0,024","0,023","0,02"
2025-02-09 16:30:00,"5,124","3,948","4,584","0,036","0,034","0,02","0,236","0,236","0,24","0,024","0,023","0,02"
2025-02-09 16:15:00,"5,148","3,762","4,403","0,036","0,034","0,02","0,385","0,387","0,389","0,024","0,023","0,02"
2025-02-09 16:00:00,"4,594","3,616","4,258","0,036","0,033","0,02","0,569","0,574","0,574","0,024","0,022","0,021"
2025-02-09 15:45:00,"4,636","3,529","4,174","0,036","0,034","0,02","0,69","0,698","0,696","0,024","0,022","0,021"
2025-02-09 15:30:00,"4,557","3,206","3,832","0,036","0,034","0,02","1,005","1,02","1,013","0,023","0,023","0,021"
2025-02-09 15:15:00,"4,149","3,062","3,682","0,036","0,034","0,02","1,111","1,128","1,119","0,023","0,023","0,021"
2025-02-09 15:00:00,"4,135","3,076","3,689","0,036","0,034","0,02","1,1","1,116","1,108","0,023","0,022","0,022"
2025-02-09 14:45:00,"4,327","3,038","3,662","0,036","0,034","0,02","1,145","1,162","1,154","0,023","0,023","0,021"
2025-02-09 14:30:00,"3,881","2,783","3,401","0,036","0,034","0,02","1,452","1,476","1,463","0,023","0,023","0,02"
2025-02-09 14:15:00,"3,594","2,641","3,26","0,035","0,034","0,02","1,638","1,664","1,651","0,022","0,023","0,021"
2025-02-09 14:00:00,"3,644","2,352","3,033","0,036","0,034","0,02","1,839","1,868","1,853","0,022","0,023","0,02"
2025-02-09 13:45:00,"1,879","0,207","0,869","0,035","0,034","0,02","3,975","4,038","4,005","0,02","0,022","0,022"
2025-02-09 13:30:00,"2,639","1,652","2,292","0,036","0,034","0,02","2,514","2,554","2,532","0,022","0,023","0,021"
2025-02-09 13:15:00,"3,746","2,379","2,983","0,036","0,035","0,019","1,821","1,852","1,835","0,023","0,023","0,02"
2025-02-09 13:00:00,"3,495","2,114","2,736","0,036","0,034","0,02","2,147","2,182","2,162","0,022","0,023","0,02"
2025-02-09 12:45:00,"2,862","1,659","2,273","0,036","0,034","0,02","2,502","2,541","2,52","0,022","0,023","0,02"
2025-02-09 12:30:00,"3,176","2,012","2,712","0,035","0,034","0,02","2,234","2,272","2,253","0,022","0,023","0,02"
2025-02-09 12:15:00,"3,212","2,121","2,837","0,035","0,035","0,019","2,009","2,044","2,026","0,022","0,023","0,02"
2025-02-09 12:00:00,"3,478","2,194","2,812","0,036","0,034","0,02","1,94","1,972","1,956","0,022","0,023","0,02"
2025-02-09 11:45:00,"3,782","2,386","2,99","0,036","0,034","0,019","1,824","1,854","1,838","0,023","0,023","0,02"
2025-02-09 11:30:00,"4,08","2,691","3,301","0,035","0,034","0,02","1,49","1,515","1,502","0,023","0,023","0,02"
2025-02-09 11:15:00,"4,009","2,626","3,22","0,036","0,034","0,02","1,605","1,632","1,618","0,023","0,023","0,02"
2025-02-09 11:00:00,"4,089","2,76","3,337","0,036","0,034","0,02","1,487","1,512","1,498","0,023","0,023","0,02"
2025-02-09 10:45:00,"4,416","3,06","3,695","0,036","0,034","0,019","1,119","1,136","1,127","0,023","0,023","0,02"
2025-02-09 10:30:00,"4,742","3,253","3,906","0,035","0,035","0,019","0,948","0,962","0,955","0,023","0,023","0,02"
2025-02-09 10:15:00,"5,376","3,418","4,08","0,036","0,034","0,02","0,8","0,811","0,806","0,023","0,023","0,02"
2025-02-09 10:00:00,"5,058","3,515","4,146","0,036","0,034","0,019","0,729","0,738","0,735","0,023","0,023","0,02"
2025-02-09 09:45:00,"5,162","3,594","4,192","0,036","0,034","0,019","0,622","0,628","0,627","0,024","0,023","0,02"
2025-02-09 09:30:00,"5,116","3,653","4,251","0,036","0,035","0,019","0,567","0,573","0,572","0,023","0,023","0,02"
2025-02-09 09:15:00,"5,261","3,88","4,472","0,035","0,035","0,019","0,353","0,355","0,358","0,024","0,023","0,02"
2025-02-09 09:00:00,"5,312","3,945","4,5","0,036","0,034","0,019","0,336","0,337","0,341","0,024","0,023","0,02"
2025-02-09 08:45:00,"5,819","3,959","4,544","0,036","0,034","0,019","0,262","0,262","0,267","0,024","0,023","0,02"
2025-02-09 08:30:00,"5,91","4,051","4,67","0,036","0,035","0,019","0,164","0,163","0,168","0,024","0,023","0,02"
2025-02-09 08:15:00,"6,12","4,17","4,769","0,036","0,034","0,019","0,072","0,069","0,075","0,024","0,023","0,02"
2025-02-09 08:00:00,"5,6","4,24","4,808","0,036","0,033","0,02","0,01","0,006","0,011","0,024","0,023","0,02"
2025-02-09 07:45:00,"6,142","4,252","4,817","0,036","0,033","0,02","0,001","-0,005",0,"0,024","0,023","0,02"
2025-02-09 07:30:00,"6,011","4,206","4,853","0,036","0,034","0,019",0,"-0,006","-0,001","0,024","0,023","0,02"
2025-02-09 07:15:00,"5,912","4,229","4,91","0,036","0,034","0,019",0,"-0,006","-0,001","0,024","0,023","0,02"
2025-02-09 07:00:00,"5,902","4,228","4,873","0,036","0,033","0,02",0,"-0,006","-0,001","0,024","0,022","0,021"
2025-02-09 06:45:00,"6,027","4,286","4,848","0,036","0,034","0,02",0,"-0,006","-0,001","0,024","0,023","0,02"
2025-02-09 06:30:00,"6,326","4,223","4,811","0,036","0,033","0,02",0,"-0,006","-0,001","0,024","0,022","0,021"
2025-02-09 06:15:00,"6,027","4,21","4,831","0,036","0,034","0,02",0,"-0,006","-0,001","0,024","0,023","0,02"
2025-02-09 06:00:00,"6,159","4,222","4,878","0,036","0,033","0,021",0,"-0,006","-0,001","0,024","0,022","0,021"
2025-02-09 05:45:00,"6,121","4,214","4,824","0,036","0,034","0,02",0,"-0,006","-0,001","0,024","0,023","0,02"
2025-02-09 05:30:00,"6,012","4,226","4,826","0,036","0,034","0,02",0,"-0,006","-0,001","0,024","0,023","0,02"
2025-02-09 05:15:00,"5,566","4,262","4,837","0,036","0,034","0,02",0,"-0,006","-0,001","0,024","0,023","0,02"
2025-02-09 05:00:00,"5,644","4,258","4,892","0,036","0,033","0,02",0,"-0,006","-0,001","0,024","0,022","0,021"
2025-02-09 04:45:00,"5,671","4,264","4,906","0,036","0,034","0,02",0,"-0,006","-0,001","0,024","0,023","0,02"
2025-02-09 04:30:00,"5,65","4,234","4,856","0,036","0,034","0,02",0,"-0,006","-0,001","0,024","0,023","0,02"
2025-02-09 04:15:00,"5,759","4,259","4,871","0,036","0,034","0,02",0,"-0,006","-0,001","0,024","0,023","0,02"
2025-02-09 04:00:00,"5,56","4,266","4,88","0,036","0,034","0,02",0,"-0,006","-0,001","0,024","0,023","0,02"
2025-02-09 03:45:00,"5,558","4,256","4,894","0,036","0,035","0,02",0,"-0,006","-0,001","0,024","0,023","0,02"
2025-02-09 03:30:00,"5,777","4,263","4,888","0,036","0,035","0,019",0,"-0,006","-0,001","0,024","0,023","0,02"
2025-02-09 03:15:00,"5,543","4,141","4,823","0,036","0,035","0,019",0,"-0,006","-0,001","0,024","0,023","0,02"
2025-02-09 03:00:00,"6,16","4,146","4,852","0,036","0,034","0,02",0,"-0,006","-0,001","0,024","0,024","0,021"
2025-02-09 02:45:00,"5,614","4,167","4,805","0,036","0,035","0,02",0,"-0,006","-0,001","0,024","0,024","0,02"
2025-02-09 02:30:00,"5,654","4,152","4,848","0,036","0,035","0,019",0,"-0,006","-0,001","0,024","0,023","0,02"
2025-02-09 02:15:00,"5,663","4,153","4,844","0,036","0,035","0,02",0,"-0,006","-0,001","0,024","0,024","0,02"
2025-02-09 02:00:00,"5,688","4,2","4,894","0,036","0,034","0,02",0,"-0,006","-0,001","0,024","0,024","0,021"
2025-02-09 01:45:00,"5,788","4,166","4,855","0,036","0,035","0,02",0,"-0,006","-0,001","0,024","0,024","0,02"
2025-02-09 01:30:00,"5,676","4,201","4,866","0,036","0,034","0,02",0,"-0,006","-0,001","0,024","0,024","0,021"
2025-02-09 01:15:00,"5,598","4,115","4,777","0,036","0,035","0,02",0,"-0,006","-0,001","0,024","0,024","0,02"
2025-02-09 01:00:00,"5,602","4,151","4,859","0,036","0,034","0,02",0,"-0,006","-0,001","0,024","0,024","0,02"
2025-02-09 00:45:00,"5,505","4,163","4,902","0,036","0,035","0,02",0,"-0,006","-0,001","0,024","0,024","0,02"
2025-02-09 00:30:00,"5,61","4,193","4,949","0,035","0,034","0,02",0,"-0,006","-0,001","0,024","0,024","0,021"
2025-02-09 00:15:00,"5,558","4,117","4,85","0,036","0,035","0,02",0,"-0,006","-0,001","0,024","0,024","0,02"
2025-02-09 00:00:00,"5,524","4,106","4,836","0,036","0,034","0,02",0,"-0,006","-0,001","0,024","0,023","0,02"
2025-02-08 23:45:00,"5,632","4,191","4,892","0,036","0,033","0,02",0,"-0,006","-0,001","0,024","0,023","0,021"
2025-02-08 23:30:00,"5,484","4,187","4,824","0,035","0,035","0,019",0,"-0,006","-0,001","0,024","0,024","0,02"
2025-02-08 23:15:00,"5,84","4,258","4,841","0,036","0,035","0,019",0,"-0,006","-0,001","0,024","0,024","0,02"
2025-02-08 23:00:00,"5,677","4,31","4,941","0,036","0,034","0,02",0,"-0,006","-0,001","0,024","0,023","0,02"
2025-02-08 22:45:00,"5,479","4,226","4,837","0,036","0,034","0,02",0,"-0,006","-0,001","0,024","0,023","0,02"
2025-02-08 22:30:00,"5,19","4,173","4,776","0,036","0,034","0,02",0,"-0,006","-0,001","0,024","0,023","0,02"
2025-02-08 22:15:00,"5,464","4,2","4,806","0,036","0,034","0,019",0,"-0,006","-0,001","0,024","0,023","0,02"
2025-02-08 22:00:00,"5,559","4,32","4,892","0,036","0,033","0,02",0,"-0,006","-0,001","0,024","0,022","0,021"
2025-02-08 21:45:00,"5,72","4,267","4,885","0,036","0,033","0,02",0,"-0,006","-0,001","0,024","0,023","0,021"
2025-02-08 21:30:00,"5,604","4,256","4,924","0,036","0,034","0,02",0,"-0,006","-0,001","0,024","0,023","0,02"
2025-02-08 21:15:00,"5,886","4,238","4,954","0,036","0,034","0,02",0,"-0,006","-0,001","0,024","0,023","0,02"
2025-02-08 21:00:00,"5,563","4,177","4,852","0,036","0,034","0,02",0,"-0,006","-0,001","0,024","0,023","0,02"
2025-02-08 20:45:00,"5,418","4,116","4,757","0,036","0,034","0,02",0,"-0,006","-0,001","0,024","0,023","0,02"
2025-02-08 20:30:00,"5,828","4,26","4,869","0,036","0,034","0,02",0,"-0,006","-0,001","0,024","0,023","0,02"
2025-02-08 20:15:00,"5,556","4,317","4,952","0,036","0,034","0,02",0,"-0,006","-0,001","0,024","0,023","0,02"
2025-02-08 20:00:00,"5,474","4,192","4,85","0,036","0,034","0,02",0,"-0,006","-0,001","0,024","0,023","0,02"
2025-02-08 19:45:00,"6,083","4,184","4,821","0,036","0,034","0,02",0,"-0,006","-0,001","0,024","0,023","0,02"
2025-02-08 19:30:00,"5,642","4,212","4,856","0,036","0,033","0,021",0,"-0,006","-0,001","0,024","0,022","0,021"
2025-02-08 19:15:00,"5,421","4,244","4,869","0,036","0,034","0,02",0,"-0,006","-0,001","0,024","0,023","0,02"
2025-02-08 19:00:00,"5,843","4,274","4,915","0,036","0,034","0,02",0,"-0,006","-0,001","0,024","0,023","0,02"
2025-02-08 18:45:00,"5,332","4,211","4,854","0,036","0,034","0,02",0,"-0,006","-0,001","0,024","0,023","0,02"
2025-02-08 18:30:00,"5,418","4,206","4,84","0,036","0,034","0,02",0,"-0,006","-0,001","0,024","0,023","0,021"
2025-02-08 18:15:00,"5,618","4,176","4,83","0,036","0,033","0,02",0,"-0,006","-0,001","0,024","0,023","0,022"
2025-02-08 18:00:00,"5,17","4,17","4,872","0,036","0,034","0,02",0,"-0,006","-0,002","0,024","0,023","0,021"
2025-02-08 17:45:00,"5,322","4,164","4,836","0,036","0,033","0,02","0,001","-0,005",0,"0,024","0,023","0,021"
2025-02-08 17:30:00,"5,414","4,122","4,782","0,036","0,034","0,02","0,028","0,026","0,032","0,025","0,023","0,02"
2025-02-08 17:15:00,"4,801","4,111","4,749","0,036","0,033","0,02","0,11","0,108","0,114","0,024","0,023","0,02"
2025-02-08 17:00:00,"4,728","3,978","4,615","0,036","0,033","0,02","0,292","0,294","0,297","0,024","0,023","0,021"
2025-02-08 16:45:00,"4,518","3,776","4,404","0,036","0,033","0,02","0,46","0,464","0,464","0,024","0,023","0,021"
2025-02-08 16:30:00,"4,471","3,532","4,161","0,036","0,034","0,02","0,655","0,661","0,66","0,024","0,023","0,021"
2025-02-08 16:15:00,"3,772","3,023","3,64","0,036","0,034","0,019","1,162","1,178","1,169","0,023","0,023","0,02"
2025-02-08 16:00:00,"3,867","2,787","3,414","0,036","0,034","0,019","1,469","1,492","1,479","0,023","0,023","0,02"
2025-02-08 15:45:00,"2,831","2,148","2,757","0,036","0,034","0,019","2,192","2,226","2,207","0,022","0,023","0,02"
2025-02-08 15:30:00,"2,692","2,022","2,627","0,036","0,035","0,019","2,263","2,3","2,28","0,022","0,023","0,02"
2025-02-08 15:15:00,"2,597","1,636","2,246","0,036","0,035","0,019","2,606","2,648","2,623","0,022","0,023","0,02"
2025-02-08 15:00:00,"1,928","0,96","1,573","0,036","0,035","0,019","3,306","3,361","3,331","0,021","0,023","0,021"
2025-02-08 14:45:00,"3,027","2,318","2,98","0,036","0,035","0,019","1,961","1,992","1,973","0,022","0,023","0,02"
2025-02-08 14:30:00,"3,504","2,704","3,372","0,036","0,035","0,019","1,516","1,541","1,526","0,023","0,023","0,02"
2025-02-08 14:15:00,"1,59","0,775","1,432","0,036","0,034","0,019","3,483","3,538","3,504","0,022","0,023","0,02"
2025-02-08 14:00:00,"2,209","1,143","1,773","0,036","0,034","0,019","3,17","3,22","3,191","0,022","0,023","0,02"
2025-02-08 13:45:00,"1,872","0,92","1,546","0,036","0,034","0,019","3,305","3,357","3,327","0,021","0,023","0,021"
2025-02-08 13:30:00,"1,211","0,417","1,032","0,036","0,035","0,019","3,831","3,895","3,858","0,021","0,023","0,02"
2025-02-08 13:15:00,"0,822","-0,083","0,545","0,036","0,035","0,019","4,362","4,436","4,39","0,02","0,023","0,02"
2025-02-08 13:00:00,"1,926","0,749","1,38","0,036","0,034","0,019","3,49","3,547","3,511","0,022","0,023","0,02"
2025-02-08 12:45:00,"1,164","-0,075","0,553","0,036","0,034","0,019","4,396","4,466","4,422","0,02","0,023","0,021"
2025-02-08 12:30:00,"3,293","2,29","3,023","0,036","0,034","0,019","1,988","2,02","2,002","0,022","0,023","0,02"
2025-02-08 12:15:00,"2,507","1,074","1,852","0,036","0,034","0,02","3,192","3,242","3,215","0,022","0,023","0,021"
2025-02-08 12:00:00,"2,191","0,894","1,568","0,036","0,034","0,02","3,399","3,452","3,423","0,021","0,023","0,021"
2025-02-08 11:45:00,"3,71","2,28","2,954","0,036","0,034","0,02","2,003","2,034","2,017","0,023","0,023","0,021"
2025-02-08 11:30:00,"3,024","1,691","2,4","0,036","0,034","0,02","2,538","2,578","2,557","0,022","0,023","0,021"
2025-02-08 11:15:00,"2,718","1,289","2,015","0,036","0,034","0,02","2,908","2,951","2,926","0,022","0,023","0,021"
2025-02-08 11:00:00,"3,848","2,46","3,186","0,036","0,034","0,02","1,764","1,792","1,777","0,023","0,023","0,021"
2025-02-08 10:45:00,"4,417","3,056","3,744","0,036","0,034","0,019","1,175","1,192","1,182","0,023","0,023","0,02"
2025-02-08 10:30:00,"4,816","3,442","4,122","0,036","0,035","0,019","0,82","0,83","0,826","0,024","0,023","0,02"
2025-02-08 10:15:00,"5,569","3,697","4,397","0,036","0,034","0,019","0,482","0,486","0,486","0,024","0,023","0,02"
2025-02-08 10:00:00,"5,692","3,679","4,33","0,036","0,034","0,019","0,514","0,518","0,519","0,024","0,023","0,02"
2025-02-08 09:45:00,"5,714","3,895","4,566","0,036","0,034","0,019","0,308","0,31","0,314","0,024","0,023","0,02"
2025-02-08 09:30:00,"5,873","4,009","4,67","0,036","0,035","0,019","0,292","0,292","0,296","0,024","0,023","0,02"
2025-02-08 09:15:00,"6,074","4,054","4,71","0,036","0,035","0,019","0,178","0,176","0,182","0,024","0,024","0,02"
2025-02-08 09:00:00,"5,896","4,067","4,754","0,036","0,034","0,019","0,188","0,186","0,192","0,024","0,023","0,02"
2025-02-08 08:45:00,"6,514","4,15","4,779","0,036","0,034","0,019","0,154","0,152","0,158","0,024","0,023","0,02"
2025-02-08 08:30:00,"6,247","4,26","4,904","0,036","0,034","0,019","0,046","0,043","0,049","0,024","0,023","0,02"
2025-02-08 08:15:00,"6,185","4,252","4,901","0,036","0,034","0,019","0,001","-0,005",0,"0,024","0,023","0,02"
2025-02-08 08:00:00,"6,249","4,24","4,954","0,036","0,033","0,02","0,001","-0,005",0,"0,024","0,022","0,021"
2025-02-08 07:45:00,"6,246","4,265","4,987","0,036","0,034","0,019",0,"-0,006","-0,001","0,024","0,023","0,02"
2025-02-08 07:30:00,"6,442","4,26","4,925","0,036","0,034","0,019",0,"-0,006","-0,001","0,024","0,023","0,02"
2025-02-08 07:15:00,"6,547","4,234","4,888","0,036","0,034","0,019",0,"-0,006","-0,001","0,024","0,024","0,02"
2025-02-08 07:00:00,"6,523","4,318","4,967","0,036","0,034","0,02",0,"-0,006","-0,001","0,024","0,023","0,021"
2025-02-08 06:45:00,"6,479","4,227","4,904","0,036","0,035","0,019",0,"-0,006","-0,001","0,024","0,024","0,02"
2025-02-08 06:30:00,"6,451","4,278","4,886","0,036","0,034","0,02",0,"-0,006","-0,001","0,024","0,023","0,021"
2025-02-08 06:15:00,"6,562","4,299","4,918","0,035","0,035","0,02",0,"-0,006","-0,001","0,024","0,024","0,02"
2025-02-08 06:00:00,"6,576","4,251","4,909","0,036","0,034","0,02",0,"-0,006","-0,001","0,024","0,024","0,021"
2025-02-08 05:45:00,"6,463","4,258","4,916","0,036","0,035","0,019",0,"-0,006","-0,001","0,024","0,024","0,02"
2025-02-08 05:30:00,"6,588","4,374","5,033","0,036","0,034","0,02",0,"-0,006","-0,001","0,024","0,024","0,02"
2025-02-08 05:15:00,"6,271","4,356","4,97","0,036","0,034","0,02",0,"-0,006","-0,001","0,024","0,024","0,02"
2025-02-08 05:00:00,"6,816","4,341","4,991","0,035","0,034","0,021",0,"-0,006","-0,001","0,024","0,024","0,021"
2025-02-08 04:45:00,"6,262","4,303","4,979","0,035","0,035","0,02",0,"-0,006","-0,001","0,024","0,024","0,02"
2025-02-08 04:30:00,"5,64","4,254","4,983","0,036","0,035","0,02",0,"-0,006","-0,001","0,024","0,024","0,02"
2025-02-08 04:15:00,"6,294","4,309","5,014","0,035","0,034","0,02",0,"-0,006","-0,001","0,024","0,024","0,02"
2025-02-08 04:00:00,"6,386","4,378","5,008","0,035","0,035","0,02",0,"-0,006","-0,001","0,024","0,024","0,02"
2025-02-08 03:45:00,"6,233","4,338","4,984","0,036","0,035","0,02",0,"-0,006","-0,001","0,024","0,023","0,02"
2025-02-08 03:30:00,"6,302","4,319","4,962","0,035","0,035","0,02",0,"-0,006","-0,001","0,024","0,024","0,02"
2025-02-08 03:15:00,"6,426","4,3","4,977","0,036","0,035","0,02",0,"-0,006","-0,001","0,024","0,023","0,02"
2025-02-08 03:00:00,"6,264","4,382","5,016","0,035","0,034","0,02",0,"-0,006","-0,001","0,024","0,024","0,021"
2025-02-08 02:45:00,"5,704","4,339","4,958","0,035","0,035","0,02",0,"-0,006","-0,001","0,024","0,024","0,02"
2025-02-08 02:30:00,"6,223","4,334","4,971","0,035","0,035","0,02",0,"-0,006","-0,001","0,024","0,024","0,021"
2025-02-08 02:15:00,"6,308","4,34","4,986","0,035","0,035","0,02",0,"-0,006","-0,001","0,024","0,024","0,021"
2025-02-08 02:00:00,"5,757","4,402","5,038","0,035","0,034","0,02",0,"-0,006","-0,001","0,024","0,024","0,021"
2025-02-08 01:45:00,"6,404","4,443","5,062","0,035","0,035","0,02",0,"-0,006","-0,001","0,024","0,024","0,021"
2025-02-08 01:30:00,"6,23","4,352",5,"0,036","0,035","0,02",0,"-0,006","-0,001","0,024","0,023","0,02"
2025-02-08 01:15:00,"6,292","4,375","5,088","0,035","0,035","0,02",0,"-0,006","-0,001","0,024","0,024","0,02"
2025-02-08 01:00:00,"6,311","4,373","5,13","0,035","0,034","0,02",0,"-0,006","-0,001","0,024","0,024","0,021"
2025-02-08 00:45:00,"6,277","4,368","5,067","0,035","0,035","0,02",0,"-0,006","-0,001","0,024","0,023","0,021"
2025-02-08 00:30:00,"6,322","4,395","5,049","0,035","0,034","0,02",0,"-0,006","-0,001","0,024","0,023","0,021"
2025-02-08 00:15:00,"6,34","4,37","5,04","0,036","0,035","0,02",0,"-0,006","-0,001","0,024","0,023","0,021"
2025-02-08 00:00:00,"6,22","4,328","5,051","0,035","0,035","0,02",0,"-0,006","-0,001","0,024","0,023","0,021"
2025-02-07 23:45:00,"6,235","4,29","4,903","0,036","0,034","0,02",0,"-0,006","-0,001","0,024","0,023","0,021"
2025-02-07 23:30:00,"6,192","4,311","4,857","0,036","0,034","0,02",0,"-0,006","-0,001","0,024","0,023","0,022"
2025-02-07 23:15:00,"6,288","4,279","4,846","0,036","0,034","0,02",0,"-0,006","-0,001","0,024","0,023","0,021"
2025-02-07 23:00:00,"5,776","4,267","4,856","0,036","0,033","0,02",0,"-0,006","-0,001","0,024","0,022","0,022"
2025-02-07 22:45:00,"6,202","4,271","4,873","0,036","0,034","0,02",0,"-0,006","-0,001","0,025","0,023","0,02"
2025-02-07 22:30:00,"5,694","4,308","4,869","0,036","0,033","0,02",0,"-0,006","-0,001","0,025","0,022","0,021"
2025-02-07 22:15:00,"6,19","4,247","4,807","0,036","0,034","0,02",0,"-0,006","-0,001","0,025","0,023","0,022"
2025-02-07 22:00:00,"6,248","4,24","4,853","0,036","0,033","0,02",0,"-0,006","-0,001","0,025","0,022","0,022"
2025-02-07 21:45:00,"6,004","4,24","4,9","0,036","0,034","0,02",0,"-0,006","-0,001","0,025","0,023","0,021"
2025-02-07 21:30:00,"6,083","4,285","4,917","0,036","0,034","0,02",0,"-0,006","-0,001","0,025","0,023","0,022"
2025-02-07 21:15:00,"6,962","4,297","4,94","0,036","0,034","0,02",0,"-0,006","-0,001","0,025","0,023","0,022"
2025-02-07 21:00:00,"5,984","4,269","4,951","0,036","0,034","0,019",0,"-0,006","-0,001","0,025","0,023","0,02"
2025-02-07 20:45:00,"5,971","4,193","4,832","0,036","0,034","0,02",0,"-0,006","-0,001","0,025","0,023","0,02"
2025-02-07 20:30:00,"6,251","4,286","4,968","0,036","0,034","0,02",0,"-0,006","-0,001","0,025","0,023","0,021"
2025-02-07 20:15:00,"6,114","4,302","4,904","0,036","0,034","0,02",0,"-0,006","-0,001","0,025","0,023","0,022"
2025-02-07 20:00:00,"6,238","4,248","4,864","0,036","0,034","0,02",0,"-0,006","-0,001","0,025","0,023","0,022"
2025-02-07 19:45:00,"6,249","4,269","4,877","0,036","0,034","0,02",0,"-0,006","-0,001","0,025","0,023","0,022"
2025-02-07 19:30:00,"6,309","4,25","4,885","0,036","0,033","0,02",0,"-0,006","-0,001","0,025","0,023","0,022"
2025-02-07 19:15:00,"6,579","4,193","4,85","0,036","0,034","0,02",0,"-0,006","-0,001","0,025","0,023","0,022"
2025-02-07 19:00:00,"6,594","4,42","4,868","0,036","0,034","0,02",0,"-0,006","-0,001","0,024","0,023","0,022"
2025-02-07 18:45:00,"6,52","4,562","4,814","0,036","0,034","0,02",0,"-0,006","-0,001","0,025","0,023","0,022"
2025-02-07 18:30:00,"6,476","4,75","4,849","0,036","0,034","0,02",0,"-0,006","-0,001","0,025","0,023","0,022"
2025-02-07 18:15:00,"6,854","5,487","5,322","0,036","0,033","0,02",0,"-0,006","-0,001","0,025","0,023","0,022"
2025-02-07 18:00:00,"6,514","5,561","5,502","0,036","0,034","0,02",0,"-0,006","-0,001","0,025","0,023","0,022"
2025-02-07 17:45:00,"7,155","5,698","5,785","0,036","0,033","0,021","0,001","-0,005",0,"0,025","0,023","0,022"
2025-02-07 17:30:00,"8,511","6,093","5,796","0,036","0,033","0,021","0,017","0,013","0,019","0,025","0,023","0,023"
2025-02-07 17:15:00,"8,447","6,482","5,895","0,036","0,032","0,02","0,074","0,072","0,078","0,025","0,023","0,023"
2025-02-07 17:00:00,"8,652","6,497","5,782","0,036","0,033","0,02","0,198","0,198","0,204","0,025","0,023","0,022"
2025-02-07 16:45:00,"8,446","6,4","5,71","0,036","0,034","0,02","0,335","0,337","0,34","0,025","0,023","0,023"
2025-02-07 16:30:00,"8,298","6,307","5,471","0,036","0,033","0,021","0,523","0,528","0,528","0,092","0,094","0,096"
2025-02-07 16:15:00,"8,309","6,108","5,107","0,036","0,034","0,02","0,849","0,859","0,854","0,024","0,023","0,023"
2025-02-07 16:00:00,"8,337","6,126","5,376","0,036","0,034","0,02","0,924","0,935","0,929","0,024","0,023","0,023"
2025-02-07 15:45:00,"9,474","7,137","6,478","0,036","0,034","0,021","0,944","0,955","0,95","1,17","1,176","1,173"
2025-02-07 15:30:00,"14,475","11,937","11,604","0,035","0,034","0,022","0,617","0,624","0,623","5,838","5,84","5,841"
2025-02-07 15:15:00,"15,83","13,198","12,683","0,36","0,336","0,341","0,544","0,549","0,548","6,37","6,38","6,379"
2025-02-07 15:00:00,"15,454","12,635","12,132","0,035","0,034","0,022","0,78","0,789","0,785","6,424","6,436","6,429"
2025-02-07 14:45:00,"14,791","11,912","11,521","0,035","0,034","0,022","0,674","0,682","0,679","5,675","5,684","5,663"
2025-02-07 14:30:00,"13,266","9,943","9,626","0,036","0,034","0,02","0,682","0,689","0,686","3,747","3,768","3,752"
2025-02-07 14:15:00,"12,984","10,51","10,156","0,364","0,339","0,342","0,774","0,783","0,779","3,743","3,758","3,744"
2025-02-07 14:00:00,"10,527","7,297","7,011","0,036","0,034","0,02","0,855","0,866","0,86","1,088","1,094","1,087"
2025-02-07 13:45:00,"9,496","6,27","6,348","0,036","0,034","0,02","0,565","0,57","0,57","0,024","0,024","0,024"
2025-02-07 13:30:00,"13,867","9,202","8,682","0,035","0,034","0,021","0,399","0,402","0,404","2,308","2,304","2,312"
2025-02-07 13:15:00,"13,271","10,073","9,704","0,355","0,332","0,334","0,372","0,374","0,375","2,892","2,886","2,895"
2025-02-07 13:00:00,"13,086","9,854","9,742","0,035","0,035","0,02","0,412","0,414","0,415","2,899","2,895","2,903"
2025-02-07 12:45:00,"13,306","10,546","9,424","0,036","0,034","0,02","0,373","0,375","0,378","1,905","1,906","1,897"
2025-02-07 12:30:00,"10,181","7,066","6,729","0,036","0,034","0,02","0,47","0,473","0,474","0,025","0,024","0,023"
2025-02-07 12:15:00,"10,201","7,259","6,594","0,41","0,385","0,387","0,581","0,586","0,586","0,024","0,025","0,024"
2025-02-07 12:00:00,"9,787","6,994","6,575","0,036","0,034","0,02","0,358","0,36","0,362","0,025","0,024","0,023"
2025-02-07 11:45:00,"9,996","7,837","7,236","0,036","0,034","0,02","0,286","0,288","0,291","0,025","0,024","0,024"
2025-02-07 11:30:00,"13,486","10,976","10,716","0,036","0,034","0,022","0,4","0,402","0,404","2,342","2,338","2,346"
2025-02-07 11:15:00,"13,386","12,802","10,285","0,344","0,344","0,33","0,551","0,556","0,556","2,932","5,854","2,935"
2025-02-07 11:00:00,"12,328","13,059","9,48","0,106","0,081","0,084","0,785","0,794","0,79","2,932","6,406","2,936"
2025-02-07 10:45:00,"11,202","11,771","9,686","0,039","0,034","1,004","0,811","0,821","0,816","1,931","5,404","1,921"
2025-02-07 10:30:00,"10,057","10,927","10,908","0,432","0,417","3,882","0,376","0,377","0,38","0,03","3,492","0,03"
2025-02-07 10:15:00,"14,391","15,419","15,59","3,816","3,792","7,53","0,258","0,257","0,262","0,786","4,249","0,78"
2025-02-07 10:00:00,"20,78","19,761","19,741","5,404","5,374","9,117","0,279","0,279","0,283","3,782","7,239","3,741"
2025-02-07 09:45:00,"22,703","23,169","23,25","9,14","9,063","12,868","0,375","0,376","0,379","3,792","7,246","3,752"
2025-02-07 09:30:00,"30,79","31,194","31,642","14,922","14,829","18,638","0,239","0,237","0,242","6,095","9,539","6,061"
2025-02-07 09:15:00,"33,014","33,636","32,768","14,934","14,84","18,652","0,201","0,199","0,204","7,82","11,243","7,774"
2025-02-07 09:00:00,"40,13","38,443","39,039","16,469","16,386","20,204","0,223","0,222","0,227","12,66","15,275","12,619"
2025-02-07 08:45:00,"41,66","39,184","41,286","14,726","14,694","18,463","0,142","0,139","0,144","16,494","16,547","16,488"
2025-02-07 08:30:00,"39,251","36,27","39,903","14,692","14,63","18,383","0,052","0,05","0,054","14,66","14,704","14,654"
2025-02-07 08:15:00,"37,066","34,709","38,477","14,77","14,707","18,472","0,013","0,01","0,014","12,988","13,032","13,006"
2025-02-07 08:00:00,"34,916","32,469","35,922","14,79","14,714","18,472","0,001","-0,005",0,"10,682","10,744","10,705"
2025-02-07 07:45:00,"30,945","27,683","28,149","14,87","14,791","15,786",0,"-0,006","-0,001","6,144","6,299","6,222"
2025-02-07 07:30:00,"23,816","20,119","20,133","11,92","11,857","11,856",0,"-0,006","-0,001","2,18","2,282","2,23"
2025-02-07 07:15:00,"16,232","12,341","11,97","5,947","5,971","5,915",0,"-0,006","-0,001","0,018","0,028","0,025"
2025-02-07 07:00:00,"9,103","6,28","5,883","0,036","0,033","0,021",0,"-0,006","-0,001","0,024","0,023","0,022"
2025-02-07 06:45:00,"8,17","8,798","6,798","0,036","0,034","0,02",0,"-0,006","-0,001","0,024","0,023","0,021"
2025-02-07 06:30:00,"7,485","5,994","5,888","0,036","0,033","0,02",0,"-0,006","-0,001","0,024","0,023","0,022"
2025-02-07 06:15:00,"6,746","5,742","5,966","0,036","0,034","0,02",0,"-0,006","-0,001","0,024","0,023","0,022"
2025-02-07 06:00:00,"7,948","5,963","6,154","0,036","0,034","0,02",0,"-0,006","-0,001","0,024","0,023","0,022"
2025-02-07 05:45:00,"7,432","6,614","5,963","0,035","0,034","0,02",0,"-0,006","-0,001","0,024","0,023","0,022"
2025-02-07 05:30:00,"6,824","4,94","5,031","0,036","0,034","0,02",0,"-0,006","-0,001","0,024","0,023","0,022"
2025-02-07 05:15:00,"6,555","4,379","4,91","0,036","0,035","0,02",0,"-0,006","-0,001","0,024","0,024","0,021"
2025-02-07 05:00:00,"6,522","4,614","4,966","0,036","0,033","0,02",0,"-0,006","-0,001","0,024","0,023","0,022"
2025-02-07 04:45:00,"6,473","4,722","4,916","0,035","0,035","0,02",0,"-0,006","-0,001","0,024","0,024","0,022"
2025-02-07 04:30:00,"6,487","4,765","4,908","0,035","0,034","0,02",0,"-0,006","-0,001","0,024","0,024","0,022"
2025-02-07 04:15:00,"6,42","4,618","4,902","0,035","0,035","0,02",0,"-0,006","-0,001","0,024","0,024","0,022"
2025-02-07 04:00:00,"6,439","4,325","4,922","0,036","0,035","0,02",0,"-0,006","-0,001","0,024","0,024","0,021"
2025-02-07 03:45:00,"6,55","4,726","4,979","0,036","0,035","0,019",0,"-0,006","-0,001","0,024","0,024","0,02"
2025-02-07 03:30:00,"6,42","4,732","4,964","0,035","0,035","0,02",0,"-0,006","-0,001","0,024","0,024","0,022"
2025-02-07 03:15:00,"6,564","4,447","4,984","0,036","0,035","0,02",0,"-0,006","-0,001","0,024","0,024","0,022"
2025-02-07 03:00:00,"5,969","4,762","4,94","0,035","0,034","0,02",0,"-0,006","-0,001","0,024","0,024","0,021"
2025-02-07 02:45:00,"6,382","4,663","4,908","0,035","0,035","0,02",0,"-0,006","-0,001","0,024","0,024","0,02"
2025-02-07 02:30:00,"6,413","4,349","4,887","0,035","0,035","0,019",0,"-0,006","-0,001","0,024","0,024","0,02"
2025-02-07 02:15:00,"6,643","4,767","4,85","0,035","0,035","0,019",0,"-0,006","-0,001","0,024","0,024","0,02"
2025-02-07 02:00:00,"6,198","4,702","4,909","0,034","0,034","0,02",0,"-0,006","-0,001","0,024","0,024","0,022"
2025-02-07 01:45:00,"6,49","4,466","5,016","0,035","0,035","0,02",0,"-0,006","-0,001","0,024","0,024","0,02"
2025-02-07 01:30:00,"6,056","4,786","5,014","0,036","0,035","0,02",0,"-0,006","-0,001","0,024","0,024","0,02"
2025-02-07 01:15:00,"5,891","4,684","4,858","0,035","0,035","0,019",0,"-0,006","-0,001","0,024","0,024","0,02"
2025-02-07 01:00:00,"6,329","4,475","4,952","0,036","0,034","0,02",0,"-0,006","-0,001","0,024","0,024","0,021"
2025-02-07 00:45:00,"6,081","4,951","4,926","0,036","0,035","0,019",0,"-0,006","-0,001","0,024","0,024","0,02"
2025-02-07 00:30:00,"5,817","4,942","4,984","0,035","0,034","0,02",0,"-0,006","-0,001","0,024","0,023","0,021"
2025-02-07 00:15:00,"6,314","4,657","5,031","0,036","0,035","0,019",0,"-0,006","-0,001","0,024","0,024","0,02"
2025-02-07 00:00:00,"6,474","5,005","5,016","0,036","0,034","0,019",0,"-0,006","-0,001","0,024","0,024","0,02"
2025-02-06 23:45:00,"5,834","4,617","4,867","0,036","0,034","0,02",0,"-0,006","-0,001","0,024","0,023","0,021"
2025-02-06 23:30:00,"5,982","4,389","4,935","0,036","0,034","0,019",0,"-0,006","-0,001","0,024","0,024","0,02"
2025-02-06 23:15:00,"5,908","4,75","4,928","0,036","0,034","0,019",0,"-0,006","-0,001","0,024","0,024","0,02"
2025-02-06 23:00:00,"6,131","4,711","4,945","0,036","0,034","0,02",0,"-0,006","-0,001","0,024","0,023","0,021"
2025-02-06 22:45:00,"5,98","4,263","4,868","0,036","0,034","0,02",0,"-0,006","-0,001","0,024","0,024","0,022"
2025-02-06 22:30:00,"6,38","4,771","4,939","0,036","0,034","0,02",0,"-0,006","-0,001","0,024","0,023","0,022"
2025-02-06 22:15:00,"5,99","4,718","4,99","0,036","0,034","0,02",0,"-0,006","-0,001","0,025","0,023","0,022"
2025-02-06 22:00:00,"6,007","4,415","4,988","0,036","0,033","0,02",0,"-0,006","-0,001","0,025","0,022","0,022"
2025-02-06 21:45:00,"6,239","4,647","4,955","0,036","0,034","0,02",0,"-0,006","-0,001","0,025","0,023","0,022"
2025-02-06 21:30:00,"6,516","4,65","5,029","0,036","0,034","0,02",0,"-0,006","-0,001","0,025","0,023","0,022"
2025-02-06 21:15:00,"6,468","4,332","5,006","0,036","0,034","0,02",0,"-0,006","-0,001","0,025","0,023","0,022"
2025-02-06 21:00:00,"6,24","4,619","5,01","0,036","0,034","0,02",0,"-0,006","-0,001","0,025","0,023","0,021"
2025-02-06 20:45:00,"6,154","4,542","4,912","0,036","0,034","0,02",0,"-0,006","-0,001","0,025","0,023","0,021"
2025-02-06 20:30:00,"6,161","4,376","4,957","0,037","0,034","0,02",0,"-0,006","-0,001","0,025","0,023","0,021"
2025-02-06 20:15:00,"6,143","4,523","4,913","0,037","0,034","0,02",0,"-0,006","-0,001","0,025","0,023","0,022"
2025-02-06 20:00:00,"6,278","4,608","4,966","0,036","0,034","0,02",0,"-0,006","-0,001","0,025","0,023","0,022"
2025-02-06 19:45:00,"6,213","4,23","4,894","0,037","0,034","0,02",0,"-0,006","-0,001","0,025","0,023","0,022"
2025-02-06 19:30:00,"6,627","4,801","5,004","0,036","0,033","0,021",0,"-0,006","-0,001","0,025","0,023","0,022"
2025-02-06 19:15:00,"6,843","4,703","4,997","0,036","0,034","0,02",0,"-0,006","-0,001","0,025","0,023","0,022"
2025-02-06 19:00:00,"6,764","4,306","4,941","0,036","0,034","0,02",0,"-0,006","-0,001","0,025","0,024","0,022"
2025-02-06 18:45:00,"8,318","5,595","5,043","0,036","0,033","0,02",0,"-0,006","-0,001","0,025","0,023","0,022"
2025-02-06 18:30:00,"9,106","7,016","6,533","1,085","1,098","1,08",0,"-0,006","-0,001","0,024","0,024","0,022"
2025-02-06 18:15:00,"7,832","6,037","5,683","0,036","0,032","0,021",0,"-0,006","-0,001","0,025","0,023","0,022"
2025-02-06 18:00:00,"7,921","6,097","5,753","0,037","0,032","0,02",0,"-0,006","-0,002","0,025","0,023","0,022"
2025-02-06 17:45:00,"9,2","6,84","6,468","0,586","0,57","0,724","0,001","-0,005",0,"0,024","0,024","0,023"
2025-02-06 17:30:00,"9,418","6,748","5,988","0,311","0,294","0,242","0,011","0,006","0,012","0,025","0,023","0,023"
2025-02-06 17:15:00,"9,248","6,496","5,752","0,036","0,032","0,022","0,058","0,054","0,06","0,025","0,023","0,023"
2025-02-06 17:00:00,"9,297","6,797","7,176","0,036","0,032","0,022","0,103","0,1","0,105","0,025","0,024","0,024"
2025-02-06 16:45:00,"9,797","7,25","7,564","0,036","0,032","0,022","0,172","0,171","0,176","0,13","0,148","0,12"
2025-02-06 16:30:00,"11,227","9,465","8,608","0,376","0,396","0,377","0,271","0,271","0,275","0,903","1,976","0,851"
2025-02-06 16:15:00,"10,325","11,086","7,89","0,43","0,404","0,408","0,444","0,446","0,448","0,057","3,578","0,047"
2025-02-06 16:00:00,"9,917","10,801","7,456","0,036","0,032","0,02","0,681","0,687","0,686","0,058","3,842","0,047"
2025-02-06 15:45:00,"10,087","10,845","7,705","0,036","0,032","0,02","0,485","0,488","0,489","0,035","3,779","0,032"
2025-02-06 15:30:00,"10,955","11,17","7,659","0,036","0,032","0,02","0,478","0,482","0,484","0,046","3,795","0,036"
2025-02-06 15:15:00,"10,278","11,132","7,839","0,438","0,458","0,438","0,725","0,732","0,729","0,034","3,782","0,032"
2025-02-06 15:00:00,"8,868","10,076","7,087","0,451","0,424","0,429","1,557","1,577","1,566","0,033","3,765","0,032"
2025-02-06 14:45:00,"9,333","10,381","7,348","0,036","0,032","0,02","0,908","0,917","0,913","0,034","3,77","0,031"
2025-02-06 14:30:00,"9,816","10,503","7,148","0,036","0,032","0,02","1,167","1,181","1,174","0,034","3,773","0,031"
2025-02-06 14:15:00,"12,222","10,817","8,099","0,599","0,618","0,598","1,224","1,238","1,232","0,033","3,782","0,032"
2025-02-06 14:00:00,"9,094","8,614","6,136","0,624","0,599","0,602","3,463","3,507","3,486","0,031","3,824","0,032"
2025-02-06 13:45:00,"9,222","8,599","5,951","0,036","0,032","0,02","3,322","3,363","3,342","0,032","3,816","0,032"
2025-02-06 13:30:00,10,"9,496","7,277","0,176","0,174","0,162","3,892","3,939","3,913","0,031","3,819","0,032"
2025-02-06 13:15:00,"8,279","4,886","6,745","0,436","0,433","0,418","3,668","3,713","3,686","0,028","0,568","0,028"
2025-02-06 13:00:00,"13,323","10,912","10,967","4,426","4,446","4,413","3,225","3,264","3,241","0,029","2,03","0,032"
2025-02-06 12:45:00,"17,67","14,66","14,057","7,148","7,141","7,105","2,521","2,552","2,534","1,75","2,331","0,03"
2025-02-06 12:30:00,"27,191","23,092","24,437","13,966","13,98","13,921","2,356","2,385","2,368","3,975","3,908","3,906"
2025-02-06 12:15:00,"29,126","26,502","26,822","14,205","14,845","14,158","2,236","2,264","2,248","6,272","6,15","6,1"
2025-02-06 12:00:00,"27,829","27,459","25,621","12,263","15,712","12,204","2,535","2,564","2,547","6,255","6,133","6,082"
2025-02-06 11:45:00,"31,765","31,754","29,265","17,698","21,258","17,587","3,013","3,047","3,025","6,236","6,116","6,062"
2025-02-06 11:30:00,"38,058","38,07","35,564","22,772","26,168","22,685","1,938","1,962","1,948","6,246","6,13","6,08"
2025-02-06 11:15:00,"35,396","34,245","31,444","16,864","20,515","16,776","1,071","1,084","1,077","7,202","7,078","7,031"
2025-02-06 11:00:00,"36,066","36,482","33,29","15,389","19,15","15,307","1,379","1,396","1,387","10,84","10,757","10,697"
2025-02-06 10:45:00,"40,304","40,724","37,984","14,686","17,733","14,547","1,01","1,022","1,015","15,871","15,837","15,764"
2025-02-06 10:30:00,"39,826","40,572","37,497","13,312","15,866","13,221","0,799","0,808","0,804","16,459","16,418","16,334"
2025-02-06 10:15:00,"39,887","40,048","37,113","11,868","14,97","11,772","0,751","0,759","0,756","17,569","17,528","17,44"
2025-02-06 10:00:00,"39,432","40,64","37,146","11,629","15,339","11,612","0,531","0,535","0,535","17,51","17,463","17,373"
2025-02-06 09:45:00,"41,476","41,271","37,788","12,339","16,107","12,274","0,418","0,421","0,422","17,483","17,427","17,334"
2025-02-06 09:30:00,"42,606","43,301","39,888","10,723","14,41","10,671","0,415","0,418","0,42","20,997","21,041","20,925"
2025-02-06 09:15:00,"44,064","45,358","41,559","12,696","16,601","12,762","0,279","0,28","0,282","20,448","20,517","20,404"
2025-02-06 09:00:00,"39,086","39,989","36,956","11,058","14,804","11,045","0,227","0,227","0,231","17,324","17,489","17,438"
2025-02-06 08:45:00,"38,175","35,122","34,963","10,759","11,376","10,666","0,117","0,116","0,12","16,045","16,188","16,148"
2025-02-06 08:30:00,"34,209","32,062","32,285","11,543","11,516","11,489","0,03","0,029","0,034","12,301","12,366","12,36"
2025-02-06 08:15:00,"26,532","22,816","23,366","11,598","11,563","11,546","0,001","-0,005",0,"4,543","4,508","4,543"
2025-02-06 08:00:00,"23,54","20,618","20,587","11,6","11,567","11,555","0,001","-0,005",0,"2,398","2,365","2,394"
2025-02-06 07:45:00,"21,81","17,889","18,119","11,606","11,574","11,563",0,"-0,006","-0,001","0,39","0,422","0,39"
2025-02-06 07:30:00,"19,051","14,994","15,043","8,947","8,907","8,893",0,"-0,006","-0,001","0,016","0,031","0,028"
2025-02-06 07:15:00,"10,991","6,841","6,473","0,476","0,476","0,458",0,"-0,006","-0,001","0,023","0,026","0,024"
2025-02-06 07:00:00,"8,015","5,819","5,833","0,036","0,032","0,021",0,"-0,006","-0,001","0,024","0,025","0,025"
2025-02-06 06:45:00,"8,205","8,21","6,724","0,036","0,033","0,02",0,"-0,006","-0,001","0,024","0,025","0,024"
2025-02-06 06:30:00,"6,963","5,865","5,904","0,036","0,033","0,021",0,"-0,006","-0,001","0,024","0,025","0,025"
2025-02-06 06:15:00,"6,736","5,502","6,034","0,036","0,034","0,021",0,"-0,006","-0,001","0,024","0,025","0,025"
2025-02-06 06:00:00,"7,679","5,41","6,084","0,036","0,033","0,021",0,"-0,006","-0,001","0,024","0,025","0,026"
2025-02-06 05:45:00,"7,106","5,898","5,874","0,036","0,032","0,02",0,"-0,006","-0,001","0,024","0,025","0,025"
2025-02-06 05:30:00,"6,602","4,478","5,034","0,036","0,033","0,02",0,"-0,006","-0,001","0,024","0,025","0,025"
2025-02-06 05:15:00,"6,279","4,16","4,882","0,036","0,034","0,02",0,"-0,006","-0,001","0,024","0,025","0,024"
2025-02-06 05:00:00,"6,245","4,176","4,898","0,035","0,032","0,021",0,"-0,006","-0,001","0,024","0,025","0,025"
2025-02-06 04:45:00,"6,306","4,138","4,858","0,036","0,034","0,02",0,"-0,006","-0,001","0,024","0,026","0,024"
2025-02-06 04:30:00,"6,205","4,117","4,832","0,035","0,034","0,02",0,"-0,006","-0,001","0,024","0,026","0,024"
2025-02-06 04:15:00,"6,117","4,119","4,879","0,036","0,034","0,02",0,"-0,006","-0,001","0,024","0,026","0,024"
2025-02-06 04:00:00,"6,566","4,161","4,928","0,036","0,034","0,02",0,"-0,006","-0,001","0,024","0,026","0,024"
2025-02-06 03:45:00,"6,593","4,136","4,902","0,036","0,034","0,02",0,"-0,006","-0,001","0,024","0,026","0,024"
2025-02-06 03:30:00,"6,221","4,195","4,923","0,036","0,034","0,02",0,"-0,006","-0,001","0,024","0,026","0,024"
2025-02-06 03:15:00,"6,304","4,132","4,84","0,036","0,034","0,02",0,"-0,006","-0,001","0,024","0,026","0,024"
2025-02-06 03:00:00,"6,163","4,102","4,851","0,036","0,033","0,021",0,"-0,006","-0,001","0,024","0,026","0,024"
2025-02-06 02:45:00,"6,351","4,198","4,889","0,036","0,034","0,02",0,"-0,006","-0,001","0,024","0,026","0,024"
2025-02-06 02:30:00,"6,252","4,18","4,875","0,036","0,034","0,02",0,"-0,006","-0,001","0,024","0,026","0,024"
2025-02-06 02:15:00,"6,252","4,18","4,873","0,036","0,034","0,02",0,"-0,006","-0,001","0,024","0,026","0,024"
2025-02-06 02:00:00,"6,398","4,182","4,892","0,035","0,034","0,021",0,"-0,006","-0,001","0,024","0,026","0,024"
2025-02-06 01:45:00,"6,368","4,208","4,935","0,036","0,035","0,02",0,"-0,006","-0,001","0,024","0,026","0,024"
2025-02-06 01:30:00,"6,274","4,218","4,878","0,036","0,035","0,02",0,"-0,006","-0,001","0,024","0,026","0,024"
2025-02-06 01:15:00,"6,216","4,142","4,847","0,036","0,035","0,02",0,"-0,006","-0,001","0,024","0,026","0,024"
2025-02-06 01:00:00,"6,256","4,271","4,926","0,036","0,034","0,02",0,"-0,006","-0,001","0,024","0,026","0,024"
2025-02-06 00:45:00,"6,396","4,454","4,962","0,036","0,035","0,02",0,"-0,006","-0,001","0,024","0,026","0,024"
2025-02-06 00:30:00,"6,282","4,453","4,979","0,035","0,034","0,02",0,"-0,006","-0,001","0,024","0,026","0,025"
2025-02-06 00:15:00,"6,364","4,569","4,979","0,036","0,034","0,02",0,"-0,006","-0,001","0,024","0,026","0,024"
2025-02-06 00:00:00,"6,688","4,381","4,975","0,036","0,034","0,02",0,"-0,006","-0,001","0,025","0,026","0,024"
2025-02-05 23:45:00,"6,215","4,144","4,845","0,036","0,034","0,02",0,"-0,006","-0,001","0,025","0,026","0,024"
2025-02-05 23:30:00,"6,314","4,254","4,983","0,036","0,035","0,02",0,"-0,006","-0,001","0,025","0,026","0,024"
2025-02-05 23:15:00,"6,267","4,202","4,889","0,036","0,035","0,02",0,"-0,006","-0,001","0,025","0,026","0,024"
2025-02-05 23:00:00,"6,476","4,321","4,98","0,036","0,034","0,02",0,"-0,006","-0,001","0,024","0,026","0,024"
2025-02-05 22:45:00,"6,361","4,246","4,932","0,036","0,034","0,02",0,"-0,006","-0,001","0,025","0,026","0,024"
2025-02-05 22:30:00,"6,23","4,146","4,855","0,036","0,034","0,02",0,"-0,006","-0,001","0,025","0,026","0,024"
2025-02-05 22:15:00,"6,173","4,157","4,878","0,036","0,034","0,02",0,"-0,006","-0,001","0,025","0,026","0,024"
2025-02-05 22:00:00,"6,57","4,288","4,97","0,036","0,033","0,021",0,"-0,006","-0,001","0,025","0,026","0,025"
2025-02-05 21:45:00,"6,678","4,176","4,95","0,036","0,033","0,02",0,"-0,006","-0,001","0,025","0,025","0,025"
2025-02-05 21:30:00,"6,521","4,142","4,937","0,036","0,034","0,02",0,"-0,006","-0,001","0,025","0,026","0,024"
2025-02-05 21:15:00,"6,578","4,127","4,932","0,036","0,034","0,02",0,"-0,006","-0,001","0,025","0,026","0,024"
2025-02-05 21:00:00,"6,539","4,206","4,936","0,036","0,034","0,02",0,"-0,006","-0,001","0,025","0,026","0,024"
2025-02-05 20:45:00,"6,617","4,197","4,952","0,036","0,034","0,02",0,"-0,006","-0,001","0,025","0,026","0,025"
2025-02-05 20:30:00,"6,651","4,17","4,954","0,036","0,034","0,02",0,"-0,006","-0,001","0,025","0,026","0,024"
2025-02-05 20:15:00,"7,088","4,157","4,935","0,036","0,034","0,02",0,"-0,006","-0,001","0,025","0,026","0,025"
2025-02-05 20:00:00,"6,614","4,213","4,928","0,036","0,034","0,02",0,"-0,006","-0,001","0,025","0,026","0,025"
2025-02-05 19:45:00,"6,448","4,108","4,85","0,036","0,034","0,02",0,"-0,006","-0,001","0,025","0,026","0,025"
2025-02-05 19:30:00,"6,42","4,183","4,946","0,036","0,033","0,021",0,"-0,006","-0,001","0,025","0,026","0,026"
2025-02-05 19:15:00,"7,208","4,198","4,951","0,036","0,034","0,02",0,"-0,006","-0,001","0,025","0,026","0,025"
2025-02-05 19:00:00,"6,62","4,369","4,926","0,036","0,034","0,02",0,"-0,006","-0,001","0,025","0,026","0,025"
2025-02-05 18:45:00,"7,144","4,514","4,895","0,036","0,034","0,02",0,"-0,006","-0,001","0,025","0,026","0,025"
2025-02-05 18:30:00,"7,202","5,385","4,891","0,036","0,033","0,021",0,"-0,006","-0,001","0,025","0,026","0,026"
2025-02-05 18:15:00,"7,712","5,908","5,008","0,037","0,032","0,02",0,"-0,006","-0,001","0,026","0,026","0,025"
2025-02-05 18:00:00,"8,091","5,974","5,622","0,037","0,032","0,02",0,"-0,007","-0,002","0,026","0,032","0,026"
2025-02-05 17:45:00,"8,344","6,038","6,179","0,036","0,032","0,021","0,001","-0,005",0,"0,026","0,026","0,026"
2025-02-05 17:30:00,"10,46","8,262","7,916","0,036","0,032","0,022","0,012","0,008","0,013","2,152","2,142","2,158"
2025-02-05 17:15:00,"11,293","9,275","8,586","0,036","0,032","0,022","0,126","0,125","0,13","2,998","2,979","3,006"
2025-02-05 17:00:00,"12,257","10,089","8,862","0,036","0,032","0,022","0,228","0,228","0,232","3,19","3,168","3,204"
2025-02-05 16:45:00,"12,137","9,015","8,121","0,036","0,032","0,022","0,468","0,471","0,472","2,318","2,304","2,318"
2025-02-05 16:30:00,"9,692","7,059","5,394","0,036","0,032","0,022","0,514","0,519","0,52","0,227","0,234","0,235"
2025-02-05 16:15:00,"9,706","6,89","5,713","0,036","0,032","0,022","0,537","0,542","0,542","0,03","0,026","0,028"
2025-02-05 16:00:00,"9,694","6,778","5,879","0,036","0,032","0,022","0,384","0,386","0,388","0,03","0,027","0,028"
2025-02-05 15:45:00,"9,72","6,878","6,082","0,036","0,032","0,021","0,376","0,376","0,379","0,03","0,028","0,028"
2025-02-05 15:30:00,"12,072","9,334","8,62","0,036","0,032","0,022","0,479","0,482","0,484","2,326","2,312","2,331"
2025-02-05 15:15:00,"13,275","9,992","9,914","0,036","0,034","0,022","0,487","0,491","0,492","2,911","2,897","2,917"
2025-02-05 15:00:00,"12,622","9,986","9,869","0,036","0,034","0,022","0,616","0,623","0,622","2,909","2,898","2,914"
2025-02-05 14:45:00,"11,431","8,475","8,751","0,036","0,034","0,021","0,86","0,87","0,866","1,909","1,904","1,901"
2025-02-05 14:30:00,"9,152","6,07","6,33","0,036","0,034","0,02","1,004","1,017","1,01","0,033","0,031","0,032"
2025-02-05 14:15:00,"10,79","7,398","7,338","0,305","0,034","0,02","0,896","0,906","0,901","0,964","0,952","0,959"
2025-02-05 14:00:00,"16,282","8,82","9,063","2,062","0,036","0,021","1,033","1,048","1,039","2,734","2,704","2,712"
2025-02-05 13:45:00,"16,125","9,12","9,474","3,768","0,035","0,02","1,066","1,082","1,073","2,702","2,672","2,68"
2025-02-05 13:30:00,"19,421","12,144","12,203","3,787","0,036","0,02","1,342","1,363","1,351","5,764","5,717","5,738"
2025-02-05 13:15:00,"17,816","11,461","11,206","3,788","0,036","0,02","1,089","1,105","1,097","4,902","4,886","4,904"
2025-02-05 13:00:00,"16,658","10,696","9,962","2,119","0,035","0,021","1,058","1,074","1,065","2,912","2,901","2,918"
2025-02-05 12:45:00,"11,515","8,749","8,453","0,035","0,034","0,021","1,33","1,35","1,339","1,915","1,91","1,908"
2025-02-05 12:30:00,"11,562","8,102","8,1","0,035","0,034","0,021","1,343","1,363","1,352","2,238","2,214","2,219"
2025-02-05 12:15:00,"16,661","9,817","9,84","2,841","0,035","0,02","1,481","1,503","1,491","3,915","3,875","3,884"
2025-02-05 12:00:00,"17,374","10,95","11,404","3,788","0,036","0,02","1,23","1,249","1,239","3,94","3,9","3,908"
2025-02-05 11:45:00,"18,05","11,265","11,678","3,792","0,036","0,02","0,918","0,932","0,925","4,998","4,951","4,955"
2025-02-05 11:30:00,"22,589","15,777","16,035","4,547","0,782","0,768","1,015","1,03","1,022","8,998","8,948","8,96"
2025-02-05 11:15:00,"27,538","19,575","19,754","7,122","3,334","3,33","0,939","0,953","0,946","10,29","10,233","10,258"
2025-02-05 11:00:00,"30,621","23,789","23,623","10,612","6,806","6,806","0,71","0,72","0,716","10,334","10,27","10,295"
2025-02-05 10:45:00,"31,941","24,79","24,033","11,574","7,763","7,756","0,843","0,854","0,849","9,977","9,916","9,905"
2025-02-05 10:30:00,"32,87","24,024","24,375","11,564","7,766","7,752","0,785","0,796","0,79","10,11","10,048","10,004"
2025-02-05 10:15:00,"34,18","25,793","26,108","11,557","7,748","7,731","0,843","0,855","0,848","11,896","11,834","11,764"
2025-02-05 10:00:00,"38,938","31,4","31,665","11,545","7,738","7,724","0,632","0,64","0,638","17,38","17,326","17,205"
2025-02-05 09:45:00,"41,356","34,518","34,696","10,066","6,795","6,784","0,493","0,498","0,498","21,082","21,022","20,882"
2025-02-05 09:30:00,"43,628","38,866","39,087","2,924","2,91","2,905","0,491","0,495","0,496","29,448","29,273","29,29"
2025-02-05 09:15:00,"43,081","38,842","39,082","0,891","0,886","0,868","0,419","0,422","0,424","31,342","31,178","31,195"
2025-02-05 09:00:00,"39,608","35,968","36,232","0,372","0,374","0,364","0,2","0,199","0,204","28,72","28,584","28,604"
2025-02-05 08:45:00,"40,671","37,198","36,481","5,217","5,193","5,186","0,112","0,11","0,116","24,138","23,969","24,066"
2025-02-05 08:30:00,"34,084","30,946","30,796","7,726","7,693","7,685","0,077","0,074","0,08","16,672","16,556","16,663"
2025-02-05 08:15:00,"31,339","27,938","27,533","7,78","7,747","7,74","0,016","0,012","0,018","13,619","13,556","13,619"
2025-02-05 08:00:00,"27,195","24,467","24,458","7,244","7,224","7,21","0,001","-0,005",0,"10,868","10,872","10,839"
2025-02-05 07:45:00,"21,241","17,226","17,55","3,9","3,882","3,874",0,"-0,006","-0,001","7,621","7,619","7,59"
2025-02-05 07:30:00,"18,999","14,588","14,823","1,092","1,084","1,063",0,"-0,006","-0,001","7,725","7,721","7,687"
2025-02-05 07:15:00,"13,121","9,676","9,364","0,035","0,034","0,021",0,"-0,006","-0,001","3,717","3,74","3,67"
2025-02-05 07:00:00,"8,476","6,153","5,765","0,036","0,033","0,021",0,"-0,006","-0,001","0,024","0,022","0,024"
2025-02-05 06:45:00,"6,888","8,42","7,042","0,036","0,034","0,02",0,"-0,006","-0,001","0,024","0,023","0,024"
2025-02-05 06:30:00,"6,638","5,673","5,993","0,036","0,033","0,021",0,"-0,006","-0,001","0,024","0,023","0,024"
2025-02-05 06:15:00,"6,715","5,439","6,032","0,035","0,034","0,02",0,"-0,006","-0,001","0,024","0,023","0,025"
2025-02-05 06:00:00,"7,636","5,386","6,18","0,035","0,033","0,021",0,"-0,006","-0,001","0,024","0,022","0,026"
2025-02-05 05:45:00,"6,466","5,401","5,932","0,036","0,034","0,02",0,"-0,006","-0,001","0,024","0,023","0,025"
2025-02-05 05:30:00,"6,579","4,215","5,142","0,036","0,034","0,02",0,"-0,006","-0,001","0,024","0,023","0,024"
2025-02-05 05:15:00,"6,212","4,081","5,026","0,035","0,034","0,02",0,"-0,006","-0,001","0,024","0,023","0,025"
2025-02-05 05:00:00,"6,316","4,107","5,034","0,035","0,033","0,021",0,"-0,006","-0,001","0,024","0,022","0,025"
2025-02-05 04:45:00,"6,132","4,065","4,96","0,035","0,034","0,02",0,"-0,006","-0,001","0,024","0,023","0,025"
2025-02-05 04:30:00,"6,366","4,079","5,026","0,036","0,034","0,02",0,"-0,006","-0,001","0,024","0,023","0,024"
2025-02-05 04:15:00,"6,214","4,018","4,979","0,035","0,034","0,02",0,"-0,006","-0,001","0,024","0,023","0,024"
2025-02-05 04:00:00,"6,745","4,119","5,065","0,035","0,034","0,02",0,"-0,006","-0,001","0,024","0,023","0,025"
2025-02-05 03:45:00,"6,29","4,153","5,067","0,035","0,034","0,02",0,"-0,006","-0,001","0,024","0,023","0,025"
2025-02-05 03:30:00,"6,194","4,048","4,984","0,035","0,034","0,02",0,"-0,006","-0,001","0,024","0,023","0,025"
2025-02-05 03:15:00,"6,147","4,042","5,042","0,036","0,034","0,02",0,"-0,006","-0,001","0,024","0,023","0,025"
2025-02-05 03:00:00,"6,366","4,138","5,14","0,035","0,034","0,021",0,"-0,006","-0,001","0,024","0,024","0,026"
2025-02-05 02:45:00,"6,221","4,1","5,038","0,035","0,034","0,02",0,"-0,006","-0,001","0,024","0,023","0,025"
2025-02-05 02:30:00,"6,181","4,098","5,018","0,035","0,034","0,02",0,"-0,006","-0,001","0,024","0,023","0,025"
2025-02-05 02:15:00,"6,271","4,055","5,012","0,035","0,034","0,02",0,"-0,006","-0,001","0,024","0,024","0,025"
2025-02-05 02:00:00,"6,076","4,036","4,986","0,035","0,033","0,021",0,"-0,006","-0,001","0,024","0,023","0,026"
2025-02-05 01:45:00,"6,384","4,111","5,044","0,035","0,034","0,02",0,"-0,006","-0,001","0,024","0,024","0,025"
2025-02-05 01:30:00,"6,394","4,155","5,044","0,035","0,034","0,02",0,"-0,006","-0,001","0,024","0,023","0,025"
2025-02-05 01:15:00,"6,257","4,222","5,135","0,036","0,034","0,02",0,"-0,006","-0,001","0,024","0,023","0,025"
2025-02-05 01:00:00,"6,358","4,27","5,096","0,035","0,034","0,02",0,"-0,006","-0,001","0,024","0,024","0,025"
2025-02-05 00:45:00,"6,254","4,455","5,08","0,035","0,034","0,02",0,"-0,006","-0,001","0,024","0,023","0,025"
2025-02-05 00:30:00,"6,328","4,488","5,114","0,035","0,033","0,021",0,"-0,006","-0,001","0,024","0,023","0,025"
2025-02-05 00:15:00,"6,969","4,566","5,176","0,035","0,034","0,02",0,"-0,006","-0,001","0,024","0,024","0,025"
2025-02-05 00:00:00,"6,301","4,379","5,194","0,036","0,034","0,02",0,"-0,006","-0,001","0,024","0,024","0,025"
2025-02-04 23:45:00,"6,336","4,248","5,136","0,036","0,034","0,02",0,"-0,006","-0,001","0,025","0,023","0,025"
2025-02-04 23:30:00,"6,342","4,147","5,087","0,036","0,034","0,02",0,"-0,006","-0,001","0,025","0,024","0,024"
2025-02-04 23:15:00,"6,476","4,283","5,181","0,036","0,034","0,02",0,"-0,006","-0,001","0,025","0,023","0,025"
2025-02-04 23:00:00,"6,478","4,216","5,158","0,036","0,034","0,02",0,"-0,006","-0,001","0,025","0,023","0,025"
2025-02-04 22:45:00,"6,24","4,176","5,062","0,036","0,034","0,02",0,"-0,006","-0,001","0,025","0,024","0,024"
2025-02-04 22:30:00,"6,321","4,172","5,055","0,036","0,034","0,02",0,"-0,006","-0,001","0,025","0,024","0,025"
2025-02-04 22:15:00,"6,528","4,25","5,124","0,036","0,034","0,02",0,"-0,006","-0,001","0,025","0,024","0,025"
2025-02-04 22:00:00,"6,398","4,19","5,1","0,036","0,033","0,02",0,"-0,006","-0,001","0,025","0,024","0,025"
2025-02-04 21:45:00,"6,573","4,114","5,059","0,036","0,034","0,02",0,"-0,006","-0,001","0,025","0,024","0,024"
2025-02-04 21:30:00,"6,575","4,096","5,012","0,036","0,034","0,019",0,"-0,006","-0,001","0,025","0,023","0,025"
2025-02-04 21:15:00,"6,778","4,176","5,121","0,037","0,034","0,02",0,"-0,006","-0,001","0,025","0,023","0,025"
2025-02-04 21:00:00,"6,813","4,292","5,244","0,037","0,034","0,02",0,"-0,006","-0,001","0,026","0,023","0,025"
2025-02-04 20:45:00,"6,669","4,273","5,083","0,037","0,034","0,02",0,"-0,006","-0,001","0,025","0,023","0,025"
2025-02-04 20:30:00,"7,339","4,88","5,167","0,037","0,034","0,02",0,"-0,006","-0,001","0,025","0,023","0,025"
2025-02-04 20:15:00,"6,855","5,038","5,376","0,037","0,034","0,02",0,"-0,006","-0,001","0,026","0,023","0,025"
2025-02-04 20:00:00,"6,926","5,053","5,397","0,037","0,034","0,02",0,"-0,006","-0,001","0,026","0,023","0,025"
2025-02-04 19:45:00,"6,78","4,847","5,217","0,036","0,034","0,02",0,"-0,006","-0,001","0,025","0,024","0,025"
2025-02-04 19:30:00,"7,107","4,885","5,251","0,036","0,033","0,021",0,"-0,006","-0,001","0,026","0,024","0,026"
2025-02-04 19:15:00,"7,695","5,152","5,426","0,036","0,034","0,02",0,"-0,006","-0,001","0,026","0,024","0,026"
2025-02-04 19:00:00,"8,856","6,289","6,317","0,036","0,034","0,02",0,"-0,006","-0,001","0,029","0,026","0,026"
2025-02-04 18:45:00,"9,149","6,967","6,218","0,036","0,033","0,02",0,"-0,006","-0,001","0,029","0,026","0,025"
2025-02-04 18:30:00,"9,136","7,044","6,122","0,037","0,033","0,02",0,"-0,006","-0,001","0,026","0,024","0,023"
2025-02-04 18:15:00,"11,963","8,993","8,201","1,806","1,81","1,785",0,"-0,006","-0,001","0,024","0,025","0,024"
2025-02-04 18:00:00,"13,7","11,016","10,179","3,796","3,806","3,77","-0,001","-0,007","-0,001","0,022","0,026","0,025"
2025-02-04 17:45:00,"14,478","11,741","10,765","3,786","3,797","3,761","0,002","-0,004",0,"0,767","0,77","0,767"
2025-02-04 17:30:00,"17,625","14,758","13,785","3,803","3,814","3,778","0,037","0,035","0,04","3,766","3,763","3,754"
2025-02-04 17:15:00,"19,042","15,318","13,954","3,806","3,816","3,782","0,122","0,121","0,126","3,763","3,766","3,758"
2025-02-04 17:00:00,"20,576","15,875","14,811","3,77","3,779","3,746","0,239","0,239","0,244","4,828","4,811","4,822"
2025-02-04 16:45:00,"20,708","16,694","16,45","4,31","3,794","3,758","0,398","0,399","0,402","5,615","5,572","5,631"
2025-02-04 16:30:00,"22,784","16,782","16,456","6,615","3,802","3,766","0,49","0,495","0,496","5,491","5,493","5,47"
2025-02-04 16:15:00,"20,99","15,624","14,653","6,617","3,804","3,768","0,43","0,433","0,435","3,976","3,958","3,957"
2025-02-04 16:00:00,"22,16","17,091","16,084","8,344","5,542","5,496","0,549","0,554","0,553","3,753","3,754","3,74"
2025-02-04 15:45:00,"24,42","19,103","18,434","10,498","7,678","7,647","0,655","0,661","0,659","3,764","3,768","3,754"
2025-02-04 15:30:00,"26,845","21,169","20,878","10,516","7,726","7,664","0,622","0,628","0,626","6,106","6,077","6,094"
2025-02-04 15:15:00,"26,494","21,439","21,17","10,522","7,728","7,668","0,914","0,924","0,918","6,691","6,662","6,69"
2025-02-04 15:00:00,"25,538","19,976","19,574","10,512","7,726","7,666","1,008","1,02","1,013","5,257","5,227","5,265"
2025-02-04 14:45:00,"23,403","18,152","17,563","10,51","7,725","7,662","1,216","1,232","1,222","3,514","3,478","3,541"
2025-02-04 14:30:00,"19,852","15,07","14,145","10,53","7,736","7,678","1,089","1,104","1,096","0,019","0,028","0,026"
2025-02-04 14:15:00,"15,734","10,87","10,471","7,08","4,234","4,204","1,604","1,626","1,614","0,021","0,026","0,026"
2025-02-04 14:00:00,"18,22","13,404","13,227","9,456","6,613","6,57","1,301","1,319","1,308","0,02","0,028","0,027"
2025-02-04 13:45:00,"20,464","14,494","14,515","10,531","7,691","7,646","1,189","1,205","1,195","0,02","0,028","0,028"
2025-02-04 13:30:00,"22,654","16,786","17,048","10,5","7,668","7,622","1,272","1,29","1,278","2,369","2,345","2,381"
2025-02-04 13:15:00,"25,371","19,478","18,22","10,491","7,662","7,619","1,443","1,464","1,45","3,79","3,764","3,799"
2025-02-04 13:00:00,"25,527","19,82","19,503","10,524","7,688","7,646","1,956","1,984","1,967","5,858","5,84","5,86"
2025-02-04 12:45:00,"21,364","15,166","15,342","8,288","5,439","5,381","3,07","3,116","3,089","4,329","4,299","4,35"
2025-02-04 12:30:00,"12,45","5,99","5,521","2,898","0,036","0,02","4,012","4,072","4,036","0,023","0,024","0,023"
2025-02-04 12:15:00,"16,44","11,646","9,944","6,263","3,413","2,012","2,091","2,12","2,103","1,676","1,66","1,651"
2025-02-04 12:00:00,"22,413","17,184","14,382","9,765","6,911","4,215","1,934","1,96","1,946","4,134","4,106","4,086"
2025-02-04 11:45:00,"32,187","26,883","23,699","15,438","12,55","9,807","1,787","1,812","1,799","8,072","7,67","7,67"
2025-02-04 11:30:00,"37,835","29,827","28,397","15,721","13,133","11,662","1,705","1,731","1,718","12,202","10,012","10,034"
2025-02-04 11:15:00,"40,04","30,872","30,313","12,431","9,575","9,399","1,7","1,727","1,712","18,06","14,305","14,319"
2025-02-04 11:00:00,"42,112","34,477","33,651","7,329","4,85","4,846","1,578","1,602","1,589","24,972","21,109","21,092"
2025-02-04 10:45:00,"40,079","33,719","33,486","5,037","4,698","4,684","1,32","1,34","1,328","25,749","21,856","21,852"
2025-02-04 10:30:00,"40,043","33,571","33,397","3,777","3,782","3,769","1,052","1,066","1,058","26,558","22,706","22,659"
2025-02-04 10:15:00,"40,55","33,355","33,759","3,826","3,856","3,828","0,831","0,842","0,836","26,616","22,754","22,696"
2025-02-04 10:00:00,"40,457","33,304","33,823","1,239","1,247","1,232","0,688","0,696","0,692","29,113","25,258","25,192"
2025-02-04 09:45:00,"42,002","34,305","34,852","0,032","0,035","0,024","0,535","0,541","0,539","31,139","27,282","27,294"
2025-02-04 09:30:00,"46,465","39,574","39,812","0,031","0,035","0,025","0,411","0,415","0,416","36,177","32,16","32,307"
2025-02-04 09:15:00,"51,206","44,209","44,613","0,03","0,035","0,026","0,31","0,312","0,314","40,884","36,938","37,023"
2025-02-04 09:00:00,"55,246","48,646","47,792","0,056","0,056","0,027","0,208","0,208","0,213","43,986","40,033","40,121"
2025-02-04 08:45:00,"52,08","45,711","45,47","0,029","0,035","0,026","0,151","0,15","0,154","41,848","37,875","38,038"
2025-02-04 08:30:00,"42,114","36,328","36,095","0,895","0,896","0,884","0,071","0,069","0,074","31,516","27,625","27,696"
2025-02-04 08:15:00,"34,187","29,855","30,465","3,872","3,854","3,841","0,015","0,011","0,016","20,489","19,084","19,024"
2025-02-04 08:00:00,"29,522","26,524","27,221","3,877","3,859","3,846","0,001","-0,005",0,"16,136","16,116","16,084"
2025-02-04 07:45:00,"25,558","21,473","21,551","3,875","3,856","3,847",0,"-0,006","-0,001","11,579","11,575","11,5"
2025-02-04 07:30:00,"21,36","16,477","16,572","0,744","0,754","0,74",0,"-0,006","-0,001","9,757","9,735","9,744"
2025-02-04 07:15:00,"13,58","9,708","9,786","0,035","0,034","0,02",0,"-0,006","-0,001","3,856","3,86","3,839"
2025-02-04 07:00:00,"12,564","9,88","9,808","0,035","0,034","0,022",0,"-0,006","-0,001","3,884","3,885","3,867"
2025-02-04 06:45:00,"12,381","11,706","10,428","0,035","0,034","0,022",0,"-0,006","-0,001","3,88","3,88","3,863"
2025-02-04 06:30:00,"11,593","10,567","10,183","0,035","0,034","0,022",0,"-0,006","-0,001","3,884","3,884","3,862"
2025-02-04 06:15:00,"7,856","6,236","6,768","0,035","0,034","0,02",0,"-0,006","-0,001","0,856","0,848","0,857"
2025-02-04 06:00:00,"7,982","5,84","6,066","0,035","0,033","0,021",0,"-0,006","-0,001","0,024","0,025","0,028"
2025-02-04 05:45:00,"6,572","5,405","5,675","0,035","0,034","0,02",0,"-0,006","-0,001","0,024","0,025","0,028"
2025-02-04 05:30:00,"6,544","4,101","5,014","0,035","0,034","0,02",0,"-0,006","-0,001","0,024","0,025","0,028"
2025-02-04 05:15:00,"6,124","4,082","5,01","0,035","0,034","0,02",0,"-0,006","-0,001","0,024","0,025","0,028"
2025-02-04 05:00:00,"6,176","4,063","4,956","0,035","0,033","0,021",0,"-0,006","-0,001","0,024","0,025","0,028"
2025-02-04 04:45:00,"6,124","4,049","4,897","0,035","0,034","0,02",0,"-0,006","-0,001","0,024","0,025","0,028"
2025-02-04 04:30:00,"6,115","4,09","4,94","0,035","0,034","0,02",0,"-0,006","-0,001","0,024","0,025","0,028"
2025-02-04 04:15:00,"6,263","4,085","4,925","0,035","0,034","0,02",0,"-0,006","-0,001","0,024","0,026","0,028"
2025-02-04 04:00:00,"6,115","4,104","4,968","0,035","0,034","0,02",0,"-0,006","-0,001","0,024","0,026","0,028"
2025-02-04 03:45:00,"6,059","4,059","4,906","0,035","0,034","0,02",0,"-0,006","-0,001","0,024","0,025","0,028"
2025-02-04 03:30:00,"6,296","4,123","4,962","0,035","0,034","0,02",0,"-0,006","-0,001","0,024","0,025","0,028"
2025-02-04 03:15:00,"6,272","4,15","4,996","0,035","0,034","0,02",0,"-0,006","-0,001","0,024","0,026","0,028"
2025-02-04 03:00:00,"6,51","4,105","4,966","0,035","0,033","0,021",0,"-0,006","-0,001","0,024","0,026","0,028"
2025-02-04 02:45:00,"6,212","4,116","4,921","0,035","0,034","0,02",0,"-0,006","-0,001","0,024","0,026","0,028"
2025-02-04 02:30:00,"6,101","4,137","4,94","0,035","0,034","0,02",0,"-0,006","-0,001","0,024","0,026","0,028"
2025-02-04 02:15:00,"6,234","4,203","5,062","0,035","0,034","0,02",0,"-0,006","-0,001","0,024","0,026","0,028"
2025-02-04 02:00:00,"6,248","4,139","5,007","0,035","0,033","0,021",0,"-0,006","-0,001","0,024","0,026","0,028"
2025-02-04 01:45:00,"6,128","4,079","4,93","0,035","0,035","0,02",0,"-0,006","-0,001","0,024","0,026","0,028"
2025-02-04 01:30:00,"6,239","4,228","5,045","0,035","0,034","0,02",0,"-0,006","-0,001","0,024","0,026","0,028"
2025-02-04 01:15:00,"6,3","4,235","5,031","0,035","0,035","0,02",0,"-0,006","-0,001","0,024","0,026","0,028"
2025-02-04 01:00:00,"6,277","4,265","4,962","0,035","0,034","0,02",0,"-0,006","-0,001","0,024","0,026","0,028"
2025-02-04 00:45:00,"6,217","4,418","4,992","0,035","0,035","0,02",0,"-0,006","-0,001","0,024","0,026","0,028"
2025-02-04 00:30:00,"6,388","4,56","5,155","0,035","0,033","0,02",0,"-0,006","-0,001","0,024","0,026","0,028"
2025-02-04 00:15:00,"6,326","4,58","5,16","0,035","0,035","0,02",0,"-0,006","-0,001","0,024","0,026","0,028"
2025-02-04 00:00:00,"6,42","4,446","5,173","0,035","0,035","0,02",0,"-0,006","-0,001","0,024","0,026","0,028"
2025-02-03 23:45:00,"6,434","4,31","5,124","0,036","0,034","0,02",0,"-0,006","-0,001","0,025","0,026","0,028"
2025-02-03 23:30:00,"6,729","4,252","5,096","0,036","0,034","0,02",0,"-0,006","-0,001","0,025","0,026","0,028"
2025-02-03 23:15:00,"6,308","4,248","5,076","0,036","0,034","0,019",0,"-0,006","-0,001","0,025","0,026","0,028"
2025-02-03 23:00:00,"6,357","4,268","5,132","0,036","0,034","0,02",0,"-0,006","-0,001","0,025","0,026","0,028"
2025-02-03 22:45:00,"6,532","4,361","5,231","0,036","0,034","0,02",0,"-0,006","-0,001","0,025","0,026","0,028"
2025-02-03 22:30:00,"6,481","4,34","5,217","0,036","0,034","0,02",0,"-0,006","-0,001","0,025","0,025","0,028"
2025-02-03 22:15:00,"6,186","4,115","4,966","0,036","0,034","0,02",0,"-0,006","-0,001","0,025","0,025","0,028"
2025-02-03 22:00:00,"6,242","4,195","5,035","0,036","0,033","0,021",0,"-0,006","-0,001","0,025","0,025","0,028"
2025-02-03 21:45:00,"6,718","4,314","5,153","0,036","0,034","0,02",0,"-0,006","-0,001","0,025","0,025","0,028"
2025-02-03 21:30:00,"6,84","4,342","5,183","0,036","0,034","0,02",0,"-0,006","-0,001","0,025","0,025","0,028"
2025-02-03 21:15:00,"6,689","4,294","5,208","0,036","0,033","0,02",0,"-0,006","-0,001","0,025","0,025","0,028"
2025-02-03 21:00:00,"6,421","4,144","5,037","0,036","0,033","0,02",0,"-0,006","-0,001","0,025","0,025","0,028"
2025-02-03 20:45:00,"6,68","4,227","5,092","0,036","0,033","0,02",0,"-0,006","-0,001","0,025","0,025","0,028"
2025-02-03 20:30:00,"6,786","4,236","5,108","0,036","0,034","0,02",0,"-0,006","-0,001","0,025","0,025","0,028"
2025-02-03 20:15:00,"6,752","4,244","5,138","0,036","0,034","0,02",0,"-0,006","-0,001","0,025","0,025","0,028"
2025-02-03 20:00:00,"6,75","4,285","5,162","0,036","0,034","0,02",0,"-0,006","-0,001","0,025","0,025","0,028"
2025-02-03 19:45:00,"6,782","4,361","5,211","0,036","0,034","0,02",0,"-0,006","-0,001","0,025","0,026","0,028"
2025-02-03 19:30:00,"7,468","4,243","5,152","0,036","0,033","0,021",0,"-0,006","-0,001","0,025","0,025","0,028"
2025-02-03 19:15:00,"7,063","4,158","5,094","0,036","0,033","0,02",0,"-0,006","-0,001","0,025","0,025","0,028"
2025-02-03 19:00:00,"7,345","4,453","5,188","0,036","0,034","0,02",0,"-0,006","-0,001","0,025","0,025","0,028"
2025-02-03 18:45:00,"7,757","5,43","5,193","0,036","0,034","0,02",0,"-0,006","-0,001","0,025","0,026","0,029"
2025-02-03 18:30:00,"8,118","5,524","5,207","0,036","0,033","0,02",0,"-0,006","-0,001","0,025","0,025","0,029"
2025-02-03 18:15:00,"8,658","6,048","5,213","0,036","0,032","0,02",0,"-0,006","-0,001","0,026","0,025","0,028"
2025-02-03 18:00:00,"9,025","6,167","5,183","0,036","0,032","0,02","-0,001","-0,007","-0,002","0,026","0,025","0,029"
2025-02-03 17:45:00,"9,592","6,408","5,166","0,036","0,032","0,021","0,002","-0,004",0,"0,026","0,025","0,029"
2025-02-03 17:30:00,"9,742","6,698","5,684","0,118","0,099","0,097","0,032","0,03","0,036","0,026","0,025","0,029"
2025-02-03 17:15:00,"11,502","9,327","8,359","0,036","0,032","0,022","0,114","0,112","0,119","2,711","2,687","2,705"
2025-02-03 17:00:00,"12,044","10,072","8,736","0,035","0,032","0,022","0,253","0,253","0,258","2,933","2,909","2,928"
2025-02-03 16:45:00,"11,184","9,08","7,635","0,035","0,033","0,021","0,386","0,388","0,391","1,916","1,902","1,904"
2025-02-03 16:30:00,"9,467","6,872","5,812","0,035","0,034","0,022","0,596","0,602","0,602","0,026","0,024","0,028"
2025-02-03 16:15:00,"8,848","6,304","5,096","0,035","0,034","0,022","0,968","0,979","0,975","0,024","0,024","0,027"
2025-02-03 16:00:00,"9,998","6,527","5,346","0,035","0,034","0,022","1,217","1,234","1,226","0,403","0,402","0,404"
2025-02-03 15:45:00,"12,833","9,749","8,552","0,035","0,034","0,022","1,558","1,579","1,569","3,862","3,859","3,843"
2025-02-03 15:30:00,"15,156","11,61","10,6","0,034","0,034","0,023","1,835","1,858","1,847","6,204","6,206","6,139"
2025-02-03 15:15:00,"15,186","11,829","10,811","0,034","0,034","0,023","2,117","2,143","2,13","6,771","6,768","6,725"
2025-02-03 15:00:00,"14,541","11,471","10,327","0,034","0,034","0,023","2,381","2,412","2,397","6,768","6,737","6,742"
2025-02-03 14:45:00,"13,74","10,288","9,164","0,034","0,034","0,022","2,67","2,705","2,69","5,796","5,807","5,742"
2025-02-03 14:30:00,"12,149","8,479","7,348","0,535","0,034","0,022","2,924","2,964","2,947","3,93","3,958","3,876"
2025-02-03 14:15:00,"14,766","8,121","7,17","2,848","0,035","0,022","3,078","3,122","3,103","3,909","3,942","3,876"
2025-02-03 14:00:00,"15,09","7,932","7,004","3,786","0,035","0,022","3,262","3,308","3,288","3,909","3,94","3,876"
2025-02-03 13:45:00,"16,9","9,674","8,714","3,789","0,035","0,022","3,544","3,595","3,572","5,972","6,083","5,982"
2025-02-03 13:30:00,"19,825","11,676","10,879","4,436","0,669","0,658","3,682","3,736","3,714","8,385","7,688","7,63"
2025-02-03 13:15:00,"23,501","14,38","12,985","6,77","2,991","2,988","3,747","3,802","3,778","9,809","7,694","7,633"
2025-02-03 13:00:00,"25,15","17,534","16,19","7,712","6,064","3,927","3,838","3,894","3,87","9,984","8,11","10,016"
2025-02-03 12:45:00,"25,84","21,512","16,231","7,733","7,732","3,943","3,893","3,95","3,924","9,994","10,174","10,115"
2025-02-03 12:30:00,"28,491","23,225","19,128","10,067","9,564","6,269","3,82","3,876","3,852","9,996","10,177","10,122"
2025-02-03 12:15:00,"31,857","27,342","24,431","14,061","13,831","10,255","3,767","3,823","3,798","9,981","10,168","11,723"
2025-02-03 12:00:00,"33,864","29,203","27,792","15,506","15,396","11,693","3,681","3,736","3,71","10,903","10,149","13,55"
2025-02-03 11:45:00,"35,131","30,39","30,436","15,478","15,469","11,666","3,483","3,532","3,508","11,998","11,374","15,824"
2025-02-03 11:30:00,"36,678","31,919","31,872","15,486","15,129","11,66","3,365","3,412","3,388","13,153","13,33","17,046"
2025-02-03 11:15:00,"36,069","33,262","32,354","13,805","15,207","11,66","3,129","3,172","3,151","13,603","13,785","17,475"
2025-02-03 11:00:00,"36,448","36,344","35,387","12,85","16,168","12,784","2,928","2,967","2,948","15,245","15,365","19,129"
2025-02-03 10:45:00,"40,434","40,266","39,798","10,866","14,486","10,83","2,381","2,413","2,397","21,011","21,053","24,901"
2025-02-03 10:30:00,"41,095","41,878","40,655","11,118","14,81","11,056","2,19","2,22","2,205","21,23","21,267","25,141"
2025-02-03 10:15:00,"39,542","39,263","38,875","10,16","13,638","10,108","1,51","1,532","1,521","19,767","19,781","23,654"
2025-02-03 10:00:00,"40,86","38,976","37,804","8,16","11,913","8,13","1,631","1,654","1,643","21,164","21,174","25,058"
2025-02-03 09:45:00,"43,514","42,803","41,701","11,366","14,516","11,301","1,389","1,408","1,399","21,118","21,122","25,007"
2025-02-03 09:30:00,"43,254","42,81","42,212","12,274","15,878","12,193","0,886","0,896","0,891","21,024","21,016","24,887"
2025-02-03 09:15:00,"40,626","40,366","39,633","9,133","12,905","9,126","0,755","0,762","0,759","21,198","21,199","25,113"
2025-02-03 09:00:00,"42,246","42,798","41,474","10,54","14,115","10,519","0,425","0,427","0,429","21,119","21,134","25,079"
2025-02-03 08:45:00,"38,435","38,58","34,6","7,846","11,63","7,844","0,239","0,239","0,243","19,263","19,213","19,47"
2025-02-03 08:30:00,"36,252","35,728","33,02","11,027","13,552","10,988","0,142","0,14","0,145","15,061","15,008","15,076"
2025-02-03 08:15:00,"29,373","26,568","25,592","9,953","9,866","9,916","0,058","0,056","0,06","9,713","9,734","9,714"
2025-02-03 08:00:00,"25,873","21,821","21,47","7,318","7,224","7,275","0,009","0,005","0,01","8,238","8,26","8,24"
2025-02-03 07:45:00,"23,349","18,662","18,906","7,337","7,248","7,294","0,001","-0,006",0,"5,745","5,725","5,71"
2025-02-03 07:30:00,"18,291","16,31","15,184","5,146","5,112","5,101",0,"-0,006","-0,001","3,609","3,562","3,553"
2025-02-03 07:15:00,"9,873","7,01","7,511","0,84","0,831","0,81",0,"-0,006","-0,001","1,629","1,649","1,602"
2025-02-03 07:00:00,"6,759","4,364","5,043","0,035","0,033","0,021",0,"-0,006","-0,001","0,024","0,022","0,026"
2025-02-03 06:45:00,"6,702","4,16","4,808","0,036","0,033","0,02",0,"-0,006","-0,001","0,024","0,023","0,025"
2025-02-03 06:30:00,"6,608","4,244","4,882","0,036","0,033","0,021",0,"-0,006","-0,001","0,024","0,023","0,025"
2025-02-03 06:15:00,"6,638","4,214","4,851","0,035","0,034","0,021",0,"-0,006","-0,001","0,024","0,023","0,025"
2025-02-03 06:00:00,"6,58","4,262","4,968","0,035","0,033","0,022",0,"-0,006","-0,001","0,024","0,022","0,025"
2025-02-03 05:45:00,"6,774","4,285","4,995","0,035","0,034","0,021",0,"-0,006","-0,001","0,024","0,023","0,025"
2025-02-03 05:30:00,"6,646","4,213","4,911","0,035","0,034","0,02",0,"-0,006","-0,001","0,024","0,023","0,024"
2025-02-03 05:15:00,"6,454","4,219","4,898","0,035","0,034","0,02",0,"-0,006","-0,001","0,024","0,023","0,024"
2025-02-03 05:00:00,"6,896","4,201","4,876","0,034","0,033","0,022",0,"-0,006","-0,001","0,024","0,022","0,025"
2025-02-03 04:45:00,"6,418","4,256","4,982","0,035","0,034","0,022",0,"-0,006","-0,001","0,024","0,023","0,025"
2025-02-03 04:30:00,"6,24","4,279","4,908","0,035","0,034","0,021",0,"-0,006","-0,001","0,024","0,023","0,024"
2025-02-03 04:15:00,"6,403","4,283","4,95","0,035","0,034","0,02",0,"-0,006","-0,001","0,024","0,023","0,024"
2025-02-03 04:00:00,"6,384","4,245","4,984","0,035","0,034","0,022",0,"-0,006","-0,001","0,024","0,023","0,025"
2025-02-03 03:45:00,"6,253","4,256","4,86","0,035","0,034","0,021",0,"-0,006","-0,001","0,024","0,023","0,024"
2025-02-03 03:30:00,"6,253","4,283","4,925","0,035","0,034","0,021",0,"-0,006","-0,001","0,024","0,023","0,024"
2025-02-03 03:15:00,"6,517","4,233","4,962","0,035","0,034","0,022",0,"-0,006","-0,001","0,024","0,023","0,025"
2025-02-03 03:00:00,"6,304","4,282","4,916","0,035","0,033","0,021",0,"-0,006","-0,001","0,024","0,023","0,025"
2025-02-03 02:45:00,"6,252","4,168","4,846","0,035","0,034","0,02",0,"-0,006","-0,001","0,024","0,024","0,024"
2025-02-03 02:30:00,"6,296","4,214","4,978","0,035","0,034","0,02",0,"-0,006","-0,001","0,024","0,023","0,024"
2025-02-03 02:15:00,"6,302","4,262","4,937","0,035","0,034","0,02",0,"-0,006","-0,001","0,024","0,024","0,024"
2025-02-03 02:00:00,"6,417","4,283","4,933","0,034","0,034","0,021",0,"-0,006","-0,001","0,024","0,023","0,024"
2025-02-03 01:45:00,"6,397","4,143","5,084","0,035","0,034","0,02",0,"-0,006","-0,001","0,024","0,023","0,024"
2025-02-03 01:30:00,"6,406","4,006","5,103","0,035","0,035","0,02",0,"-0,006","-0,001","0,024","0,024","0,024"
2025-02-03 01:15:00,"6,763","4,028","4,865","0,035","0,034","0,02",0,"-0,006","-0,001","0,024","0,023","0,024"
2025-02-03 01:00:00,"6,361","4,214","4,996","0,036","0,034","0,02",0,"-0,006","-0,001","0,024","0,023","0,024"
2025-02-03 00:45:00,"6,286","4,166","4,832","0,035","0,034","0,02",0,"-0,006","-0,001","0,024","0,023","0,024"
2025-02-03 00:30:00,"6,194","4,293","4,851","0,035","0,033","0,021",0,"-0,006","-0,001","0,024","0,023","0,025"
2025-02-03 00:15:00,"6,439","4,289","4,885","0,035","0,034","0,02",0,"-0,006","-0,001","0,024","0,023","0,024"
2025-02-03 00:00:00,"6,257","4,169","4,958","0,036","0,034","0,02",0,"-0,006","-0,001","0,024","0,023","0,024"